amc_id,shortcode,aliases,canonical_amfi_code,amfi_base_name,disclosure_label,confidence,source,first_seen_period,last_verified_period
360-one-mutual-fund,Dynamic Bond,,122715,360 ONE Dynamic Bond Fund,360 ONE Dynamic Bond Fund,seeded,shortcode,latest,latest
360-one-mutual-fund,ELSS Tax Saver Nifty 50 Index,ELSS Tax Saver,151165,360 ONE ELSS Tax Saver Nifty 50 Index Fund,360 ONE ELSS Tax Saver Nifty 50 Index Fund,seeded,shortcode,latest,latest
360-one-mutual-fund,Flexicap Fund,Flexi Cap|Flexi Cap Fund,151796,360 ONE FLEXICAP FUND,360 ONE FLEXICAP FUND,seeded,shortcode,latest,latest
360-one-mutual-fund,Focused Fund,,131580,360 ONE Focused Fund,360 ONE Focused Fund,seeded,shortcode,latest,latest
360-one-mutual-fund,GOLDETF,,153357,360 ONE Gold ETF,360 ONE GOLD ETF,seeded,shortcode,2026-06,latest
360-one-mutual-fund,Hybrid Fund,Balance Hybrid|Balanced Hybrid,152076,360 ONE Balanced Hybrid Fund,360 ONE Balanced Hybrid Fund,seeded,shortcode,latest,latest
360-one-mutual-fund,Liquid Fund,,125345,360 ONE LIQUID FUND,360 ONE Liquid Fund,seeded,shortcode,latest,latest
360-one-mutual-fund,MSCI India ETF,,154366,360 ONE MSCI India ETF,360 ONE MSCI India ETF,seeded,shortcode,latest,latest
360-one-mutual-fund,Multi Asset,Multi Asset Allocation|Multi Asset Allocation Fund,153774,360 ONE Multi Asset Allocation Fund,360 ONE Multi Asset Allocation Fund,seeded,shortcode,latest,latest
360-one-mutual-fund,OVERNIGHT,Overnight Fund,153703,360 ONE Overnight Fund,360 ONE Overnight Fund,seeded,shortcode,2026-06,latest
360-one-mutual-fund,Quant Fund,,149318,360 ONE QUANT FUND,360 ONE QUANT FUND,seeded,shortcode,latest,latest
360-one-mutual-fund,SILVERETF,,153415,360 ONE Silver ETF,360 ONE Silver ETF,seeded,shortcode,2026-06,latest
360-one-mutual-fund,YY07,,122715,360 ONE Dynamic Bond Fund,360 ONE Dynamic Bond Fund,seeded,name_match,2026-06,2026-06
360-one-mutual-fund,YY09,,125345,360 ONE LIQUID FUND,360 ONE Liquid Fund,seeded,name_match,2026-06,2026-06
360-one-mutual-fund,YY19,,153703,360 ONE Overnight Fund,360 ONE Overnight Fund,seeded,name_match,2026-06,2026-06
abakkus-mutual-fund,ABAFC,,154043,Abakkus Flexi Cap Fund,Abakkus Flexi Cap Fund,seeded,shortcode,2026-06,latest
abakkus-mutual-fund,ABALI,,154051,Abakkus Liquid Fund,Abakkus Liquid Fund,seeded,shortcode,2026-06,latest
abakkus-mutual-fund,ABASC,,154215,Abakkus Small Cap Fund,Abakkus Small Cap Fund,seeded,shortcode,2026-06,latest
aditya-birla-sun-life-mutual-fund,ABBSEIIF,,153081,Aditya Birla Sun Life BSE India Infrastructure Index Fund,ABBSEIIF,seeded,shortcode,2026-06,latest
aditya-birla-sun-life-mutual-fund,ABSLBCF,,149295,Aditya Birla Sun Life Business Cycle Fund,ADITYA BIRLA SUN LIFE BUSINESS CYCLE FUND,seeded,shortcode,2026-06,latest
aditya-birla-sun-life-mutual-fund,ABSLCONF,,153124,Aditya Birla Sun Life Conglomerate Fund,ABSLCONF,seeded,shortcode,2026-06,latest
aditya-birla-sun-life-mutual-fund,ABSLESG,,148637,Aditya Birla Sun Life ESG Integration Strategy Fund,ADITYA BIRLA SUN LIFE ESG INTEGRATION STRATEGY FUND,seeded,shortcode,2026-06,latest
aditya-birla-sun-life-mutual-fund,ABSLLDF,,150484,Aditya Birla Sun Life Long Duration Fund,ADITYA BIRLA SUN LIFE LONG DURATION FUND,seeded,shortcode,2026-06,latest
aditya-birla-sun-life-mutual-fund,ABSLMAAF,,151307,Aditya Birla Sun Life Multi Asset Allocation Fund,ABSLMAAF,seeded,shortcode,2026-06,latest
aditya-birla-sun-life-mutual-fund,ABSLMCF,,148921,Aditya Birla Sun Life Multi - Cap Fund,ADITYA BIRLA SUN LIFE MULTI-CAP FUND,seeded,shortcode,2026-06,latest
aditya-birla-sun-life-mutual-fund,ABSLQF,,152684,Aditya Birla Sun Life Quant Fund,ADITYA BIRLA SUN LIFE QUANT FUND,seeded,shortcode,2026-06,latest
aditya-birla-sun-life-mutual-fund,ABSLSO,,148539,Aditya Birla Sun Life Special Opportunities Fund,ADITYA BIRLA SUN LIFE SPECIAL OPPORTUNITIES FUND,seeded,shortcode,2026-06,latest
aditya-birla-sun-life-mutual-fund,ABSLTNLF,,152158,Aditya Birla Sun Life Transportation and Logistics Fund,ABSLTNLF,seeded,shortcode,2026-06,latest
aditya-birla-sun-life-mutual-fund,ABSLUS03,,152140,Aditya Birla Sun Life US Treasury 1 - 3 Year Bond ETFs Fund Of Funds,ABSLUS03,seeded,shortcode,2026-06,latest
aditya-birla-sun-life-mutual-fund,ADVG,,119436,Aditya Birla Sun Life Large & Mid Cap Fund,ADITYA BIRLA SUN LIFE LARGE & MID CAP FUND,seeded,shortcode,2026-06,latest
aditya-birla-sun-life-mutual-fund,BANKETF,,147735,Aditya Birla Sun Life Nifty Bank ETF,ADITYA BIRLA SUN LIFE NIFTY BANK ETF,seeded,shortcode,2026-06,latest
aditya-birla-sun-life-mutual-fund,BBIF,,119498,Aditya Birla Sun Life Short Term Fund,ADITYA BIRLA SUN LIFE SHORT TERM FUND,seeded,shortcode,2026-06,latest
aditya-birla-sun-life-mutual-fund,BBP,,119501,Aditya Birla Sun Life Savings Fund,ADITYA BIRLA SUN LIFE SAVINGS FUND,seeded,shortcode,2026-06,latest
aditya-birla-sun-life-mutual-fund,BDB,,119505,Aditya Birla Sun Life Dynamic Bond Fund,ADITYA BIRLA SUN LIFE DYNAMIC BOND FUND - NO. OF SEGREGATED PORTFOLIO - 1,seeded,shortcode,2026-06,latest
aditya-birla-sun-life-mutual-fund,BDYP,,119507,Aditya Birla Sun Life Dividend Yield Fund,ADITYA BIRLA SUN LIFE DIVIDEND YIELD FUND,seeded,shortcode,2026-06,latest
aditya-birla-sun-life-mutual-fund,BFL,,122646,Aditya Birla Sun Life Floating Rate Fund,ADITYA BIRLA SUN LIFE FLOATING RATE FUND,seeded,shortcode,2026-06,latest
aditya-birla-sun-life-mutual-fund,BFS,,119511,Aditya Birla Sun Life Money Manager Fund,ADITYA BIRLA SUN LIFE MONEY MANAGER FUND,seeded,shortcode,2026-06,latest
aditya-birla-sun-life-mutual-fund,BINFRA,,119514,Aditya Birla Sun Life Infrastructure Fund,ADITYA BIRLA SUN LIFE INFRASTRUCTURE FUND,seeded,shortcode,2026-06,latest
aditya-birla-sun-life-mutual-fund,BINTEQA,,119517,Aditya Birla Sun Life International Equity Fund,ADITYA BIRLA SUN LIFE INTERNATIONAL EQUITY FUND,seeded,shortcode,2026-06,latest
aditya-birla-sun-life-mutual-fund,BMIDX50,,153736,Aditya Birla Sun Life BSE 500 Momentum 50 Index Fund,ADITYA BIRLA SUN LIFE BSE 500 MOMENTUM 50 INDEX FUND,seeded,shortcode,2026-06,latest
aditya-birla-sun-life-mutual-fund,BQIDX50,,153740,Aditya Birla Sun Life BSE 500 Quality 50 Index Fund,ADITYA BIRLA SUN LIFE BSE 500 QUALITY 50 INDEX FUND,seeded,shortcode,2026-06,latest
aditya-birla-sun-life-mutual-fund,BSE10ETF,,154224,Aditya Birla Sun Life BSE Top 10 Banks ETF,BSE10ETF,seeded,shortcode,2026-06,latest
aditya-birla-sun-life-mutual-fund,BSL95F,,120517,Aditya Birla Sun Life Equity Hybrid'95 Fund,ADITYA BIRLA SUN LIFE EQUITY HYBRID '95 FUND,seeded,shortcode,2026-06,latest
aditya-birla-sun-life-mutual-fund,BSLAAMM,,131865,Aditya Birla Sun Life Multi Asset Omni FoF,ADITYA BIRLA SUN LIFE MULTI-ASSET OMNI FOF,seeded,shortcode,2026-06,latest
aditya-birla-sun-life-mutual-fund,BSLADMM,,131898,Aditya Birla Sun Life Income Plus Arbitrage Active FOF,ADITYA BIRLA SUN LIFE INCOME PLUS ARBITRAGE ACTIVE FOF,seeded,shortcode,2026-06,latest
aditya-birla-sun-life-mutual-fund,BSLBBYW,,146407,ADITYA BIRLA SUN LIFE BAL BHAVISHYA YOJNA,An open ended fund for investment for children having a lock-in for at least 5 years or till the child attains age of majority (whichever is earlier),seeded,shortcode,2026-06,latest
aditya-birla-sun-life-mutual-fund,BSLBKFS,,125597,Aditya Birla Sun Life Banking and Financial Services Fund,ADITYA BIRLA SUN LIFE BANKING AND FINANCIAL SERVICES FUND,seeded,shortcode,2026-06,latest
aditya-birla-sun-life-mutual-fund,BSLCBF,,134387,Aditya Birla Sun Life Credit Risk Fund,ADITYA BIRLA SUN LIFE CREDIT RISK FUND - NO. OF SEGREGATED PORTFOLIO - 1,seeded,shortcode,2026-06,latest
aditya-birla-sun-life-mutual-fund,BSLCM,,119523,Aditya Birla Sun Life Low duration Fund,ADITYA BIRLA SUN LIFE LOW DURATION FUND,seeded,shortcode,2026-06,latest
aditya-birla-sun-life-mutual-fund,BSLDAAF,,131670,Aditya Birla Sun Life Balanced Advantage Fund,ADITYA BIRLA SUN LIFE BALANCED ADVANTAGE FUND,seeded,shortcode,2026-06,latest
aditya-birla-sun-life-mutual-fund,BSLEAF,,119526,Aditya Birla Sun Life Arbitrage Fund,ADITYA BIRLA SUN LIFE ARBITRAGE FUND,seeded,shortcode,2026-06,latest
aditya-birla-sun-life-mutual-fund,BSLEQSF,,132995,Aditya Birla Sun Life Equity Savings Fund,ADITYA BIRLA SUN LIFE EQUITY SAVINGS FUND,seeded,shortcode,2026-06,latest
aditya-birla-sun-life-mutual-fund,BSLEQTY,,120564,Aditya Birla Sun Life Flexi Cap Fund,ADITYA BIRLA SUN LIFE FLEXI CAP FUND,seeded,shortcode,2026-06,latest
aditya-birla-sun-life-mutual-fund,BSLFEF,,119528,Aditya Birla Sun Life Large Cap Fund,ADITYA BIRLA SUN LIFE LARGE CAP FUND,seeded,shortcode,2026-06,latest
aditya-birla-sun-life-mutual-fund,BSLFPAP,,132186,Aditya Birla Sun Life Dynamic Asset Allocation Omni FOF,ADITYA BIRLA SUN LIFE DYNAMIC ASSET ALLOCATION OMNI FOF,seeded,shortcode,2026-06,latest
aditya-birla-sun-life-mutual-fund,BSLFPCP,,132183,Aditya Birla Sun Life Conservative Hybrid Active FOF,ADITYA BIRLA SUN LIFE CONSERVATIVE HYBRID ACTIVE FOF,seeded,shortcode,2026-06,latest
aditya-birla-sun-life-mutual-fund,BSLFPPP,,132185,Aditya Birla Sun Life Aggressive Hybrid Omni FOF,ADITYA BIRLA SUN LIFE AGGRESSIVE HYBRID OMNI FOF,seeded,shortcode,2026-06,latest
aditya-birla-sun-life-mutual-fund,BSLGCF,,132140,Aditya Birla Sun Life Global Emerging Opportunities Fund,ADITYA BIRLA SUN LIFE GLOBAL EMERGING OPPORTUNITIES FUND,seeded,shortcode,2026-06,latest
aditya-birla-sun-life-mutual-fund,BSLGRE,,132009,Aditya Birla Sun Life Global Excellence Equity Fund Of Fund - Retail,ADITYA BIRLA SUN LIFE GLOBAL EXCELLENCE EQUITY FUND OF FUND,seeded,shortcode,2026-06,latest
aditya-birla-sun-life-mutual-fund,BSLIF,,119533,Aditya Birla Sun Life Corporate Bond Fund,ADITYA BIRLA SUN LIFE CORPORATE BOND FUND,seeded,shortcode,2026-06,latest
aditya-birla-sun-life-mutual-fund,BSLMFG,,133516,Aditya Birla Sun Life Manufacturing Equity Fund,ADITYA BIRLA SUN LIFE MANUFACTURING EQUITY FUND,seeded,shortcode,2026-06,latest
aditya-birla-sun-life-mutual-fund,BSLMIFOF,,150688,Aditya Birla Sun Life Multi - Asset Passive FOF,BSLMIFOF,seeded,shortcode,2026-06,latest
aditya-birla-sun-life-mutual-fund,BSLMTP,,119539,Aditya Birla Sun Life Medium Term,ADITYA BIRLA SUN LIFE MEDIUM TERM PLAN - NO. OF SEGREGATED PORTFOLIO - 1,seeded,shortcode,2026-06,latest
aditya-birla-sun-life-mutual-fund,BSLNMF,,120539,Aditya Birla Sun Life Digital India Fund,ADITYA BIRLA SUN LIFE DIGITAL INDIA FUND,seeded,shortcode,2026-06,latest
aditya-birla-sun-life-mutual-fund,BSLONF,,145486,ADITYA BIRLA SUN LIFE OVERNIGHT FUND,ADITYA BIRLA SUN LIFE OVERNIGHT FUND,seeded,shortcode,2026-06,latest
aditya-birla-sun-life-mutual-fund,BSLPHF,,147409,Aditya Birla Sun Life Pharma and Healthcare Fund,ADITYA BIRLA SUN LIFE PHARMA & HEALTHCARE FUND,seeded,shortcode,2026-06,latest
aditya-birla-sun-life-mutual-fund,BSLR96,,119544,Aditya Birla Sun Life ELSS Tax Saver Fund,ADITYA BIRLA SUN LIFE ELSS TAX SAVER FUND,seeded,shortcode,2026-06,latest
aditya-birla-sun-life-mutual-fund,BSLRF30,,146575,Aditya Birla Sun Life Retirement Fund - The 30s,ADITYA BIRLA SUN LIFE RETIREMENT FUND - THE 30S PLAN,seeded,shortcode,2026-06,latest
aditya-birla-sun-life-mutual-fund,BSLRF40,,146930,Aditya Birla Sun Life Retirement Fund - The 40s,ADITYA BIRLA SUN LIFE RETIREMENT FUND - THE 40S PLAN,seeded,shortcode,2026-06,latest
aditya-birla-sun-life-mutual-fund,BSLRF50,,146940,Aditya Birla Sun Life Retirement Fund - The 50s,ADITYA BIRLA SUN LIFE RETIREMENT FUND - THE 50S PLAN,seeded,shortcode,2026-06,latest
aditya-birla-sun-life-mutual-fund,BSLRF50P,,146943,Aditya Birla Sun Life Retirement Fund - The 50s Plus - Debt,BSLRF50P,seeded,shortcode,2026-06,latest
aditya-birla-sun-life-mutual-fund,BSLSTF,,119550,Aditya Birla Sun Life Banking & PSU Debt Fund,ADITYA BIRLA SUN LIFE BANKING & PSU DEBT FUND,seeded,shortcode,2026-06,latest
aditya-birla-sun-life-mutual-fund,BSLTA1,,119556,Aditya Birla Sun Life Small Cap Fund,ADITYA BIRLA SUN LIFE SMALL CAP FUND,seeded,shortcode,2026-06,latest
aditya-birla-sun-life-mutual-fund,BTOP100,,119564,Aditya Birla Sun Life Focused Fund,ADITYA BIRLA SUN LIFE FOCUSED FUND,seeded,shortcode,2026-06,latest
aditya-birla-sun-life-mutual-fund,C10YGETF,,152802,Aditya Birla Sun Life Crisil 10 Year Gilt ETF,C10YGETF,seeded,shortcode,2026-06,latest
aditya-birla-sun-life-mutual-fund,CASH,,119568,Aditya Birla Sun Life Liquid Fund,ADITYA BIRLA SUN LIFE LIQUID FUND,seeded,shortcode,2026-06,latest
aditya-birla-sun-life-mutual-fund,CBGETF,,152732,ADITYA BIRLA SUN LIFE CRISIL BROAD BASED GILT ETF,ADITYA BIRLA SUN LIFE CRISIL BROAD BASED GILT ETF,seeded,shortcode,2026-06,latest
aditya-birla-sun-life-mutual-fund,CIGAPR28,,151577,Aditya Birla Sun Life Crisil IBX Gilt Apr 2028 Index Fund,CIGAPR28,seeded,shortcode,2026-06,latest
aditya-birla-sun-life-mutual-fund,CIGAPR29,,150778,Aditya Birla Sun Life Crisil IBX Gilt - Apr - 2029 Index Fund,CIGAPR29,seeded,shortcode,2026-06,latest
aditya-birla-sun-life-mutual-fund,CIGAPR33,,152267,Aditya Birla Sun Life Crisil IBX Gilt Apr 2033 Index Fund,CIGAPR33,seeded,shortcode,2026-06,latest
aditya-birla-sun-life-mutual-fund,CIGJUN27,,152659,Aditya Birla Sun Life Crisil IBX Gilt June 2027 Index Fund,CIGJUN27,seeded,shortcode,2026-06,latest
aditya-birla-sun-life-mutual-fund,CIGPSA28,,150702,Aditya Birla Sun Life Crisil IBX 50:50 Gilt Plus SDL Apr 2028 Index Fund,CIGPSA28,seeded,shortcode,2026-06,latest
aditya-birla-sun-life-mutual-fund,CISJUN32,,151427,Aditya Birla Sun Life CRISIL IBX SDL Jun 2032 INDEX FUND,CISJUN32,seeded,shortcode,2026-06,latest
aditya-birla-sun-life-mutual-fund,COFAIETF,,151533,Aditya Birla Sun Life CRISIL Liquid Overnight ETF - IDCW,Date,seeded,shortcode,2026-06,latest
aditya-birla-sun-life-mutual-fund,CSFSD12,,153443,Aditya Birla Sun Life Crisil - IBX Financial Services 9 - 12 Months Debt Index Fund,ADITYA BIRLA SUN LIFE CRISIL-IBX FINANCIAL SERVICES 9-12 MONTHS DEBT INDEX FUND,seeded,shortcode,2026-06,latest
aditya-birla-sun-life-mutual-fund,CSFSD6,,153179,Aditya Birla Sun Life Crisil - IBX financial Services 3 to 6 months Debt Index Fund,ADITYA BIRLA SUN LIFE CRISIL-IBX FINANCIAL SERVICES 3 TO 6 MONTHS DEBT INDEX FUND,seeded,shortcode,2026-06,latest
aditya-birla-sun-life-mutual-fund,CSFSI27,,153030,Aditya Birla Sun Life Crisil - IBX AAA Financial Services Index - Sep 2027 Fund,ADITYA BIRLA SUN LIFE CRISIL-IBX AAA FINANCIAL SERVICES INDEX-SEP 2027 FUND,seeded,shortcode,2026-06,latest
aditya-birla-sun-life-mutual-fund,CSNHFS26,,152947,Aditya Birla Sun Life Crisil - IBX AAA NBFC - HFC Index - Sep 2026 Fund,CSNHFS26,seeded,shortcode,2026-06,latest
aditya-birla-sun-life-mutual-fund,CSPAPA27,,150353,Aditya Birla Sun Life Crisil IBX 60:40 SDL+AAA PSU - Apr 2027 Index Fund,CSPAPA27,seeded,shortcode,2026-06,latest
aditya-birla-sun-life-mutual-fund,FTPTI,,150316,Aditya Birla Sun Life Fixed Term - Series TQ (1879 days,ADITYA BIRLA SUN LIFE Fixed Term - SERIES TI,seeded,name_match,latest,latest
aditya-birla-sun-life-mutual-fund,FTPTJ,,150316,Aditya Birla Sun Life Fixed Term - Series TQ (1879 days,ADITYA BIRLA SUN LIFE Fixed Term - SERIES TJ,seeded,name_match,latest,latest
aditya-birla-sun-life-mutual-fund,FTPTQ,,150316,Aditya Birla Sun Life Fixed Term - Series TQ (1879 days,ADITYA BIRLA SUN LIFE Fixed Term - SERIES TQ,seeded,name_match,latest,latest
aditya-birla-sun-life-mutual-fund,GENNEXT,,119591,Aditya Birla Sun Life Consumption Fund,ADITYA BIRLA SUN LIFE CONSUMPTION FUND,seeded,shortcode,2026-06,latest
aditya-birla-sun-life-mutual-fund,GOLDETF,,115127,Aditya Birla Sun Life Gold ETF,ADITYA BIRLA SUN LIFE GOLD ETF,seeded,shortcode,2026-06,latest
aditya-birla-sun-life-mutual-fund,GOLDFOF,,120546,Aditya Birla Sun Life Gold Fund,ADITYA BIRLA SUN LIFE GOLD FUND,seeded,shortcode,2026-06,latest
aditya-birla-sun-life-mutual-fund,INV,,119606,Aditya Birla Sun Life Govenment Securities Fund,ADITYA BIRLA SUN LIFE GOVERNMENT SECURITIES FUND,seeded,shortcode,2026-06,latest
aditya-birla-sun-life-mutual-fund,MIDCAP,,119620,Aditya Birla Sun Life Midcap Fund,ADITYA BIRLA SUN LIFE MIDCAP FUND,seeded,shortcode,2026-06,latest
aditya-birla-sun-life-mutual-fund,MIP25,,119501,Aditya Birla Sun Life Savings Fund,ADITYA BIRLA SUN LIFE REGULAR SAVINGS FUND,seeded,shortcode,2026-06,latest
aditya-birla-sun-life-mutual-fund,MNC,,119646,Aditya Birla Sun Life MNC Fund,ADITYA BIRLA SUN LIFE MNC FUND,seeded,shortcode,2026-06,latest
aditya-birla-sun-life-mutual-fund,MSCIETF,,154220,Aditya Birla Sun Life MSCI India ETF,ADITYA BIRLA SUN LIFE MSCI INDIA ETF,seeded,shortcode,2026-06,latest
aditya-birla-sun-life-mutual-fund,N30MTETF,,150498,Aditya Birla Sun Life Nifty 200 Momentum 30 ETF,N30MTETF,seeded,shortcode,2026-06,latest
aditya-birla-sun-life-mutual-fund,N30QTETF,,150497,Aditya Birla Sun Life Nifty 200 Quality 30 ETF,N30QTETF,seeded,shortcode,2026-06,latest
aditya-birla-sun-life-mutual-fund,NEWIF50,,148962,Aditya Birla Sun Life Nifty 50 Equal Weight Index Fund,ADITYA BIRLA SUN LIFE NIFTY 50 EQUAL WEIGHT INDEX FUND,seeded,shortcode,2026-06,latest
aditya-birla-sun-life-mutual-fund,NHLTHETF,,149262,Aditya Birla Sun Life Nifty Healthcare ETF,NHLTHETF,seeded,shortcode,2026-06,latest
aditya-birla-sun-life-mutual-fund,NIFTY,,119648,Aditya Birla Sun Life Nifty 50 Index Fund,ADITYA BIRLA SUN LIFE NIFTY 50 INDEX FUND,seeded,shortcode,2026-06,latest
aditya-birla-sun-life-mutual-fund,NIFTYETF,,115512,Aditya Birla Sun Life Nifty 50 ETF,NIFTYETF,seeded,shortcode,2026-06,latest
aditya-birla-sun-life-mutual-fund,NIFYNX50,,145881,Aditya Birla Sunlife Nifty Next 50 ETF,NIFYNX50,seeded,shortcode,2026-06,latest
aditya-birla-sun-life-mutual-fund,NINDDEF,,152798,Aditya Birla Sun Life Nifty India Defence Index Fund,ADITYA BIRLA SUN LIFE NIFTY INDIA DEFENCE INDEX FUND,seeded,shortcode,2026-06,latest
aditya-birla-sun-life-mutual-fund,NITETF,,149293,Aditya Birla Sun Life Nifty IT ETF,ADITYA BIRLA SUN LIFE NIFTY IT ETF,seeded,shortcode,2026-06,latest
aditya-birla-sun-life-mutual-fund,NMID150,,148807,Aditya Birla Sun Life Nifty Midcap 150 Index Fund,ADITYA BIRLA SUN LIFE NIFTY MIDCAP 150 INDEX FUND,seeded,shortcode,2026-06,latest
aditya-birla-sun-life-mutual-fund,NPSEETF,,152620,Aditya Birla Sun Life Nifty PSE ETF,ADITYA BIRLA SUN LIFE NIFTY PSE ETF,seeded,shortcode,2026-06,latest
aditya-birla-sun-life-mutual-fund,NSDAPR27,,149794,Aditya Birla Sun Life Nifty SDL Apr 2027 Index Fund,NSDAPR27,seeded,shortcode,2026-06,latest
aditya-birla-sun-life-mutual-fund,NSDAQ100,,149291,Aditya Birla Sun Life US Equity Passive FOF,NSDAQ100,seeded,shortcode,2026-06,latest
aditya-birla-sun-life-mutual-fund,NSDSEP27,,151562,Aditya Birla Sun Life Nifty SDL SEP 2027 Index Fund,NSDSEP27,seeded,shortcode,2026-06,latest
aditya-birla-sun-life-mutual-fund,NSMALL50,,148815,Aditya Birla Sun Life Nifty Smallcap 50 Index Fund,NSMALL50,seeded,shortcode,2026-06,latest
aditya-birla-sun-life-mutual-fund,NSPPBS26,,149199,Aditya Birla Sun Life Nifty SDL Plus PSU Bond SEP 2026 60:40 Index Fund,NSPPBS26,seeded,shortcode,2026-06,latest
aditya-birla-sun-life-mutual-fund,NXTIDX50,,149838,Aditya Birla Sun Life Nifty Next 50 Index Fund,NXTIDX50,seeded,shortcode,2026-06,latest
aditya-birla-sun-life-mutual-fund,PLUS,,119657,Aditya Birla Sun Life Income Fund,ADITYA BIRLA SUN LIFE INCOME FUND,seeded,shortcode,2026-06,latest
aditya-birla-sun-life-mutual-fund,PSUEQ,,147844,Aditya Birla Sun Life PSU Equity Fund,ADITYA BIRLA SUN LIFE PSU EQUITY FUND,seeded,shortcode,2026-06,latest
aditya-birla-sun-life-mutual-fund,PURE,,119659,Aditya Birla Sun Life Value Fund,ADITYA BIRLA SUN LIFE VALUE FUND,seeded,shortcode,2026-06,latest
aditya-birla-sun-life-mutual-fund,SENSXETF,,139581,Aditya Birla Sun Life BSE Sensex ETF,SENSXETF,seeded,shortcode,2026-06,latest
aditya-birla-sun-life-mutual-fund,SILVRETF,,149779,Aditya Birla Sun Life Silver ETF,SILVRETF,seeded,shortcode,2026-06,latest
aditya-birla-sun-life-mutual-fund,SILVRFOF,,152150,Aditya Birla Sun Life US Treasury 3 - 10 Year Bond ETFs Fund Of Funds,SILVRFOF,seeded,shortcode,2026-06,latest
angel-one-mutual-fund,Angel One Gold ETF,,153826,ANGEL ONE GOLD ETF,Angel One Gold ETF,seeded,shortcode,2026-07,latest
angel-one-mutual-fund,Angel One Gold ETF FOF,,153827,ANGEL ONE GOLD ETF FOF,Angel One Gold ETF FOF,seeded,shortcode,2026-07,latest
angel-one-mutual-fund,Angel One Nifty 50 ETF,,153531,ANGEL ONE NIFTY 50 ETF,Angel One Nifty 50 ETF,seeded,shortcode,2026-07,latest
angel-one-mutual-fund,Angel One Nifty 50 Index Fund,,153529,ANGEL ONE NIFTY 50 INDEX FUND,Angel One Nifty 50 Index Fund,seeded,shortcode,2026-07,latest
angel-one-mutual-fund,Angel One Nifty Total Market ETF,,153332,ANGEL ONE NIFTY TOTAL MARKET ETF,Angel One Nifty Total Market ETF,seeded,shortcode,2026-07,latest
angel-one-mutual-fund,Angel One Nifty Total Market Index Fund,,153330,ANGEL ONE NIFTY TOTAL MARKET INDEX FUND,Angel One Nifty Total Market Index Fund,seeded,shortcode,2026-07,latest
angel-one-mutual-fund,Angel One Nifty Total Market Momentum Quality 50 ETF,,153957,ANGEL ONE NIFTY TOTAL MARKET MOMENTUM QUALITY 50 ETF,Angel One Nifty Total Market Momentum Quality 50 ETF,seeded,shortcode,2026-07,latest
angel-one-mutual-fund,Angel One Nifty Total Market Momentum Quality 50 Index Fund,,153956,ANGEL ONE NIFTY TOTAL MARKET MOMENTUM QUALITY 50 INDEX FUND,Angel One Nifty Total Market Momentum Quality 50 Index Fund,seeded,shortcode,2026-07,latest
angel-one-mutual-fund,Angel One Silver ETF,,154205,ANGEL ONE SILVER ETF,Angel One Silver ETF,seeded,shortcode,2026-07,latest
angel-one-mutual-fund,Angel One Silver ETF FOF,,154206,ANGEL ONE SILVER ETF FOF,Angel One Silver ETF FOF,seeded,shortcode,2026-07,latest
angel-one-mutual-fund,AngelOne Nifty 1D Rate Liquid ETF GROWTH,Angel One Nifty 1D Rate Liquid ETF GROWTH,153451,ANGEL ONE NIFTY 1D RATE LIQUID ETF - GROWTH,AngelOne Nifty 1D Rate Liquid ETF GROWTH,seeded,shortcode,2026-07,latest
axis-mutual-fund,AXIS500,,152731,Axis Nifty 500 Index Fund,Axis Nifty 500 Index Fund,seeded,shortcode,2026-06,latest
axis-mutual-fund,AXISASD,,147889,Axis Income Plus Arbitrage Active FOF,Axis Income Plus Arbitrage Active FOF,seeded,shortcode,2026-06,latest
axis-mutual-fund,AXISBCF,,151368,Axis Business Cycles Fund,Axis Business Cycles Fund,seeded,shortcode,2026-06,latest
axis-mutual-fund,AXISBDF,,120438,Axis Banking & PSU Debt Fund,Axis Banking & PSU Debt Fund,seeded,shortcode,2026-06,latest
axis-mutual-fund,AXISBETF,,148559,Axis NIFTY Bank ETF,AXISBETF,seeded,shortcode,2026-06,latest
axis-mutual-fund,AXISBLI,,154171,Axis BSE India Sectors Leaders Index Fund,Axis BSE India Sector Leaders Index Fund,seeded,shortcode,2026-06,latest
axis-mutual-fund,AXISBTF,,151585,Axis BSE Sensex ETF,Axis BSE Sensex ETF,seeded,shortcode,2026-06,latest
axis-mutual-fund,AXISCDL,,152887,Axis CRISIL - IBX AAA Bond NBFC - Jun 2027 Index Fund,Axis CRISIL IBX AAA Bond NBFC Jun 2027 Index Fund,seeded,shortcode,2026-06,latest
axis-mutual-fund,AXISCETF,,149156,Axis NIFTY India Consumption ETF,AXISCETF,seeded,shortcode,2026-06,latest
axis-mutual-fund,AXISCFS,,153051,Axis CRISIL - IBX AAA Bond Financial Services - Sep 2027 Index Fund,Axis CRISIL-IBX AAA Bond Financial Services - Sep 2027 Index Fund,seeded,shortcode,2026-06,latest
axis-mutual-fund,AXISCGF,,135764,Axis Children's Fund - No Lock in,Axis Children’s Fund,seeded,shortcode,2026-06,latest
axis-mutual-fund,AXISCIB,,151300,Axis CRISIL IBX 50:50 Gilt Plus SDL June 2028 Index Fund,Axis CRISIL IBX50:50 Gilt Plus SDL June 2028 Index Fund,seeded,shortcode,2026-06,latest
axis-mutual-fund,AXISCIG,,151435,AXIS CRISIL IBX 50:50 Gilt Plus SDL September 2027 Index Fund,Axis CRISIL IBX50:50 Gilt Plus SDL Sep 2027 Index Fund,seeded,shortcode,2026-06,latest
axis-mutual-fund,AXISCMI,,154348,Axis Nifty Capital Markets Index Fund,Axis Nifty Capital Markets Index Fund,seeded,shortcode,2026-06,latest
axis-mutual-fund,AXISCOF,,141588,Axis Corporate Bond Fund,Axis Corporate Bond Fund,seeded,shortcode,2026-06,latest
axis-mutual-fund,AXISCON,,152805,Axis Consumption Fund,Axis Consumption Fund,seeded,shortcode,2026-06,latest
axis-mutual-fund,AXISCSDL,,149873,Axis CRISIL IBX SDL May 2027 Index Fund,AXISCSDL,seeded,shortcode,2026-06,latest
axis-mutual-fund,AXISDBF,,120451,Axis Dynamic Bond Fund,Axis Dynamic Bond Fund,seeded,shortcode,2026-06,latest
axis-mutual-fund,AXISDEF,,141642,Axis Balanced Advantage Fund,Axis Balanced Advantage Fund,seeded,shortcode,2026-06,latest
axis-mutual-fund,AXISEAF,,130773,Axis Arbitrage Fund,Axis Arbitrage Fund,seeded,shortcode,2026-06,latest
axis-mutual-fund,AXISEFOF,,149847,Axis Multi Factor Passive FoF,AXISEFOF,seeded,shortcode,2026-06,latest
axis-mutual-fund,AXISEHF,,144394,Axis Aggressive Hybrid Fund,Axis Aggressive Hybrid Fund,seeded,shortcode,2026-06,latest
axis-mutual-fund,AXISEQF,,120465,Axis Large Cap Fund,Axis Large Cap Fund,seeded,shortcode,2026-06,latest
axis-mutual-fund,AXISESF,,135120,Axis Equity Savings Fund,Axis Equity Savings Fund,seeded,shortcode,2026-06,latest
axis-mutual-fund,AXISESG,,147928,Axis ESG Integration Strategy Fund,Axis ESG Integration Strategy Fund,seeded,shortcode,2026-06,latest
axis-mutual-fund,AXISETS,,150610,Axis Silver ETF,Axis Silver ETF,seeded,shortcode,2026-06,latest
axis-mutual-fund,AXISF25,,120468,Axis Focused Fund,Axis Focused Fund,seeded,shortcode,2026-06,latest
axis-mutual-fund,AXISFLO,,149049,Axis Floater Fund,Axis Floater Fund,seeded,shortcode,2026-06,latest
axis-mutual-fund,AXISFSD,,153879,Axis CRISIL - IBX Financial Services 3 - 6 Months Debt Index Fund,Axis CRISIL-IBX Financial Services 3-6 Months Debt Index Fund,seeded,shortcode,2026-06,latest
axis-mutual-fund,AXISGCE,,148699,Axis Greater China Equity Fund of Fund,Axis Greater China Equity Fund of Fund,seeded,shortcode,2026-06,latest
axis-mutual-fund,AXISGEA,,148485,Axis Global Equity Alpha Fund of Fund,Axis Global Equity Alpha Fund of Fund,seeded,shortcode,2026-06,latest
axis-mutual-fund,AXISGETF,,113434,Axis Gold ETF,AXISGETF,seeded,shortcode,2026-06,latest
axis-mutual-fund,AXISGIF,,148954,Axis Global Innovation Fund of Fund,Axis Global Innovation Fund of Fund,seeded,shortcode,2026-06,latest
axis-mutual-fund,AXISGLD,,120473,Axis Gold Fund,Axis Gold Fund,seeded,shortcode,2026-06,latest
axis-mutual-fund,AXISGOF,,145110,Axis Large & Mid Cap Fund,Axis Large & Mid Cap Fund,seeded,shortcode,2026-06,latest
axis-mutual-fund,AXISGSP,,154078,Axis Gold and Silver Passive FOF,Axis Gold and Silver Passive FoF,seeded,shortcode,2026-06,latest
axis-mutual-fund,AXISHETF,,148934,Axis NIFTY Healthcare ETF,AXISHETF,seeded,shortcode,2026-06,latest
axis-mutual-fund,AXISIAP,,153924,Axis Income Plus Arbitrage Passive FOF,Axis Income Plus Arbitrage Passive FOF,seeded,shortcode,2026-06,latest
axis-mutual-fund,AXISIFD,,120475,Axis Strategic Bond Fund,Axis Strategic Bond Fund,seeded,shortcode,2026-06,latest
axis-mutual-fund,AXISIMF,,152202,Axis India Manufacturing Fund,Axis India Manufacturing Fund,seeded,shortcode,2026-06,latest
axis-mutual-fund,AXISIOF,,130314,Axis Credit Risk Fund,Axis Credit Risk Fund,seeded,shortcode,2026-06,latest
axis-mutual-fund,AXISISF,,120480,Axis Conservative Hybrid Fund,Axis Conservative Hybrid Fund,seeded,shortcode,2026-06,latest
axis-mutual-fund,AXISLDF,,151179,Axis Long Duration Fund,Axis Long Duration Fund,seeded,shortcode,2026-06,latest
axis-mutual-fund,AXISLFA,,120389,Axis Liquid Fund,Axis Liquid Fund,seeded,shortcode,2026-06,latest
axis-mutual-fund,AXISM10,,120447,Axis Gilt Fund,Axis Gilt Fund,seeded,shortcode,2026-06,latest
axis-mutual-fund,AXISMAF,,153960,Axis Multi - Asset Active FoF,Axis Multi-Asset Active FoF,seeded,shortcode,2026-06,latest
axis-mutual-fund,AXISMCF,,120505,Axis Midcap Fund,Axis Midcap Fund,seeded,shortcode,2026-06,latest
axis-mutual-fund,AXISMIF,,153083,Axis Momentum Fund,Axis Momentum Fund,seeded,shortcode,2026-06,latest
axis-mutual-fund,AXISMLC,,149383,Axis Multicap Fund,Axis Multicap Fund,seeded,shortcode,2026-06,latest
axis-mutual-fund,AXISMLF,,141925,Axis Flexi Cap Fund,Axis Flexi Cap Fund,seeded,shortcode,2026-06,latest
axis-mutual-fund,AXISMMF,,147567,Axis Money Market Fund,Axis Money Market Fund,seeded,shortcode,2026-06,latest
axis-mutual-fund,AXISN50,,149373,Axis Nifty 50 Index Fund,Axis Nifty 50 Index Fund,seeded,shortcode,2026-06,latest
axis-mutual-fund,AXISN500,,153244,Axis Nifty500 Momentum 50 Index Fund,AXISN500,seeded,shortcode,2026-06,latest
axis-mutual-fund,AXISNBI,,152629,Axis Nifty Bank Index Fund,Axis Nifty Bank Index Fund,seeded,shortcode,2026-06,latest
axis-mutual-fund,AXISNDI,,154326,Axis Nifty India Defence Index Fund,Axis Nifty India Defence Index Fund,seeded,shortcode,2026-06,latest
axis-mutual-fund,AXISNETF,,141545,Axis Nifty 50 ETF,AXISNETF,seeded,shortcode,2026-06,latest
axis-mutual-fund,AXISNFOF,,150751,Axis NASDAQ 100 US Specific Equity Passive FOF,AXISNFOF,seeded,shortcode,2026-06,latest
axis-mutual-fund,AXISNHS,,153172,Axis CRISIL - IBX AAA Bond NBFC - HFC - Jun 2027 Index Fund,Axis CRISIL-IBX AAA Bond NBFC-HFC - Jun 2027 Index Fund,seeded,shortcode,2026-06,latest
axis-mutual-fund,AXISNIF,,147666,Axis Nifty 100 Index Fund,Axis Nifty 100 Index Fund,seeded,shortcode,2026-06,latest
axis-mutual-fund,AXISNIT,,151785,Axis Nifty IT Index Fund,Axis Nifty IT Index Fund,seeded,shortcode,2026-06,latest
axis-mutual-fund,AXISNM50,,149936,Axis Nifty Midcap 50 Index Fund,AXISNM50,seeded,shortcode,2026-06,latest
axis-mutual-fund,AXISNNF,,149466,Axis Nifty Next 50 Index Fund,Axis Nifty Next 50 Index Fund,seeded,shortcode,2026-06,latest
axis-mutual-fund,AXISNS50,,149894,Axis Nifty Smallcap 50 Index Fund,AXISNS50,seeded,shortcode,2026-06,latest
axis-mutual-fund,AXISNTF,,153414,Axis Nifty500 Value 50 ETF,Axis Nifty500 Value 50 ETF,seeded,shortcode,2026-06,latest
axis-mutual-fund,AXISNWI,,154460,Axis Nifty50 Equal Weight Index Fund,Axis Nifty50 Equal Weight Index Fund,seeded,shortcode,latest,latest
axis-mutual-fund,AXISONF,,146675,Axis Overnight Fund,Axis Overnight Fund,seeded,shortcode,2026-06,latest
axis-mutual-fund,AXISQIF,,153829,Axis Nifty500 Quality 50 Index Fund,Axis Nifty500 Quality 50 Index Fund,seeded,shortcode,2026-06,latest
axis-mutual-fund,AXISQUA,,148993,Axis Quant Fund,Axis Quant Fund,seeded,shortcode,2026-06,latest
axis-mutual-fund,AXISRAP,,147825,Axis Retirement Fund - Aggressive,Axis Retirement Fund - Aggressive Plan,seeded,shortcode,2026-06,latest
axis-mutual-fund,AXISRCP,,147830,Axis Retirement Fund - Conservative,Axis Retirement Fund - Conservative Plan,seeded,shortcode,2026-06,latest
axis-mutual-fund,AXISRDP,,147826,Axis Retirement Fund - Dynamic,Axis Retirement Fund - Dynamic Plan,seeded,shortcode,2026-06,latest
axis-mutual-fund,AXISSCF,,125354,Axis Small Cap Fund,Axis Small Cap Fund,seeded,shortcode,2026-06,latest
axis-mutual-fund,AXISSDI,,150854,Axis Nifty SDL September 2026 Debt Index Fund,Axis NIFTY SDL September 2026 Debt Index Fund,seeded,shortcode,2026-06,latest
axis-mutual-fund,AXISSIF,,152422,Axis BSE Sensex Index Fund,Axis BSE Sensex Index Fund,seeded,shortcode,2026-06,latest
axis-mutual-fund,AXISSIL,,150615,Axis Silver Fund of Fund,Axis Silver Fund of Fund,seeded,shortcode,2026-06,latest
axis-mutual-fund,AXISSOF,,153624,Axis Services Opportunities Fund,Axis Services Opportunities Fund,seeded,shortcode,2026-06,latest
axis-mutual-fund,AXISSSF,,148634,Axis Innovation Fund,Axis Innovation Fund,seeded,shortcode,2026-06,latest
axis-mutual-fund,AXISSTF,,120510,Axis Short Duration Fund,Axis Short Duration Fund,seeded,shortcode,2026-06,latest
axis-mutual-fund,AXISTAA,,120513,Axis Treasury Advantage Fund,Axis Treasury Advantage Fund,seeded,shortcode,2026-06,latest
axis-mutual-fund,AXISTAF,,120524,Axis Multi Asset Allocation Fund,Axis Multi Asset Allocation Fund,seeded,shortcode,2026-06,latest
axis-mutual-fund,AXISTDB,,152240,Axis US Specific Treasury Dynamic Debt Passive FOF,Axis US Specific Treasury Dynamic Debt Passive FOF,seeded,shortcode,2026-06,latest
axis-mutual-fund,AXISTETF,,141545,Axis Nifty 50 ETF,AXISTETF,seeded,shortcode,2026-06,latest
axis-mutual-fund,AXISTSF,,120503,Axis ELSS Tax Saver Fund,Axis ELSS Tax Saver Fund,seeded,shortcode,2026-06,latest
axis-mutual-fund,AXISUSF,,144754,Axis Ultra Short Duration Fund,Axis Ultra Short Duration Fund,seeded,shortcode,2026-06,latest
axis-mutual-fund,AXISVAL,,149166,Axis Value Fund,Axis Value Fund,seeded,shortcode,2026-06,latest
axis-mutual-fund,AXISVIF,,152949,Axis Nifty500 Value 50 Index Fund,Axis Nifty500 Value 50 Index Fund,seeded,shortcode,2026-06,latest
bajaj-finserv-mutual-fund,BFARB,,152077,Bajaj Finserv Arbitrage Fund,Bajaj Finserv Arbitrage Fund,seeded,shortcode,2026-06,latest
bajaj-finserv-mutual-fund,BFBAF,,152194,Bajaj Finserv Balanced Advantage Fund,Bajaj Finserv Balanced Advantage Fund,seeded,shortcode,2026-06,latest
bajaj-finserv-mutual-fund,BFBKFIN,,153937,Bajaj Finserv Banking and Financial Services Fund,Bajaj Finserv Banking and Financial Services Fund,seeded,shortcode,2026-06,latest
bajaj-finserv-mutual-fund,BFBPSU,,152162,Bajaj Finserv Banking and PSU Fund,Bajaj Finserv Banking and PSU Fund,seeded,shortcode,2026-06,latest
bajaj-finserv-mutual-fund,BFCON,,153075,BAJAJ FINSERV CONSUMPTION FUND,Bajaj Finserv Consumption Fund,seeded,shortcode,2026-06,latest
bajaj-finserv-mutual-fund,BFELSS,,153201,BAJAJ FINSERV ELSS TAX SAVER FUND,Bajaj Finserv ELSS Tax Saver Fund,seeded,shortcode,2026-06,latest
bajaj-finserv-mutual-fund,BFEQSF,,153758,BAJAJ FINSERV EQUITY SAVINGS FUND,Bajaj Finserv Equity Savings Fund,seeded,shortcode,2026-06,latest
bajaj-finserv-mutual-fund,BFFLX,,151895,Bajaj Finserv Flexi Cap Fund,Bajaj Finserv Flexi Cap Fund,seeded,shortcode,2026-06,latest
bajaj-finserv-mutual-fund,BFGILT,,153206,Bajaj Finserv Gilt Fund,Bajaj Finserv Gilt Fund,seeded,shortcode,2026-06,latest
bajaj-finserv-mutual-fund,BFHCARE,,153157,BAJAJ FINSERV HEALTHCARE FUND,Bajaj Finserv Healthcare Fund,seeded,shortcode,2026-06,latest
bajaj-finserv-mutual-fund,BFL1ETF,,152638,Bajaj Finserv Nifty 1D Rate Liquid ETF,Bajaj Finserv Nifty 1D Rate Liquid ETF - Growth,seeded,shortcode,2026-06,latest
bajaj-finserv-mutual-fund,BFLARGE,,152783,BAJAJ FINSERV LARGE CAP FUND,Bajaj Finserv Large Cap Fund,seeded,shortcode,2026-06,latest
bajaj-finserv-mutual-fund,BFLIQ,,151833,Bajaj Finserv Liquid Fund,Bajaj Finserv Liquid Fund,seeded,shortcode,2026-06,latest
bajaj-finserv-mutual-fund,BFLMC,,152408,Bajaj Finserv Large and Mid Cap Fund,Bajaj Finserv Large and Midcap Fund,seeded,shortcode,2026-06,latest
bajaj-finserv-mutual-fund,BFLOWD,,154204,Bajaj Finserv Low Duration Fund,Bajaj Finserv Low Duration Fund,seeded,shortcode,2026-06,latest
bajaj-finserv-mutual-fund,BFMAF,,152639,Bajaj Finserv Multi Asset Allocation Fund,Bajaj Finserv Multi Asset Fund,seeded,shortcode,2026-06,latest
bajaj-finserv-mutual-fund,BFMM,,151889,Bajaj Finserv Money Market Fund,Bajaj Finserv Money Market Fund,seeded,shortcode,2026-06,latest
bajaj-finserv-mutual-fund,BFMUCF,,153309,BAJAJ FINSERV MULTI CAP FUND,Bajaj Finserv Multi Cap Fund,seeded,shortcode,2026-06,latest
bajaj-finserv-mutual-fund,BFN50IX,,153506,Bajaj Finserv Nifty 50 Index Fund,Bajaj Finserv Nifty 50 Index Fund,seeded,shortcode,2026-06,latest
bajaj-finserv-mutual-fund,BFNX50IX,,153479,Bajaj Finserv Nifty Next 50 Index Fund,Bajaj Finserv Nifty Next Index Fund .xls,seeded,name_match,latest,latest
bajaj-finserv-mutual-fund,BFON,,151849,Bajaj Finserv Overnight Fund,Bajaj Finserv Overnight Fund,seeded,shortcode,2026-06,latest
bajaj-finserv-mutual-fund,BFSMALL,,153612,BAJAJ FINSERV SMALL CAP FUND,Bajaj Finserv Small Cap Fund,seeded,shortcode,2026-06,latest
bajaj-finserv-mutual-fund,BSE10BE,,154492,Bajaj Finserv BSE Top 10 Banks ETF,Bajaj Finserv BSE Top 10 Banks ETF,seeded,shortcode,latest,latest
bajaj-finserv-mutual-fund,N50ETF,,152356,Bajaj Finserv Nifty 50 ETF,Bajaj Finserv Nifty 50 ETF,seeded,shortcode,2026-06,latest
bajaj-finserv-mutual-fund,NBANKETF,,152357,Bajaj Finserv Nifty Bank ETF,Bajaj Finserv Nifty Bank ETF .xls,seeded,name_match,latest,latest
bandhan-mutual-fund,IDF001,,118364,BANDHAN LIQUID Fund,Bandhan Liquid Fund,seeded,shortcode,2026-06,latest
bandhan-mutual-fund,IDF002,,118371,BANDHAN Low Duration Fund,Bandhan Low Duration Fund,seeded,shortcode,2026-06,latest
bandhan-mutual-fund,IDF003,,118384,Bandhan Money Market Fund,Bandhan Money Market Fund,seeded,shortcode,2026-06,latest
bandhan-mutual-fund,IDF006,,118416,BANDHAN Dynamic Bond Fund,Bandhan Dynamic Bond Fund,seeded,shortcode,2026-06,latest
bandhan-mutual-fund,IDF007,,118464,Bandhan Gilt Fund,Bandhan Gilt Fund,seeded,shortcode,2026-06,latest
bandhan-mutual-fund,IDF009,,118387,Bandhan Gilt Fund with 10 year constant duration Fund,Bandhan Gilt Fund with 10 year constant duration Fund,seeded,shortcode,2026-06,latest
bandhan-mutual-fund,IDF010,,118394,Bandhan Medium to Long Duration Fund,Bandhan Medium to Long Duration Fund,seeded,shortcode,2026-06,latest
bandhan-mutual-fund,IDF011,,118401,Bandhan Medium Duration Fund,Bandhan Medium Duration Fund,seeded,shortcode,2026-06,latest
bandhan-mutual-fund,IDF012,,118407,Bandhan Short Duration Fund,Bandhan Short Duration Fund,seeded,shortcode,2026-06,latest
bandhan-mutual-fund,IDF013,,118474,BANDHAN Arbitrage Fund,Bandhan Arbitrage Fund,seeded,shortcode,2026-06,latest
bandhan-mutual-fund,IDF014,,118477,BANDHAN Equity Savings Fund,Bandhan Equity Savings Fund,seeded,shortcode,2026-06,latest
bandhan-mutual-fund,IDF015,,118419,Bandhan Large & Mid Cap Fund,Bandhan Large & Mid Cap Fund,seeded,shortcode,2026-06,latest
bandhan-mutual-fund,IDF016,,118479,BANDHAN Large Cap Fund,Bandhan Large Cap Fund,seeded,shortcode,2026-06,latest
bandhan-mutual-fund,IDF017,,118421,Bandhan Focused Fund,Bandhan Focused Fund,seeded,shortcode,2026-06,latest
bandhan-mutual-fund,IDF019,,118424,BANDHAN Flexi Cap Fund,Bandhan Flexi Cap Fund,seeded,shortcode,2026-06,latest
bandhan-mutual-fund,IDF020,,118481,Bandhan Value Fund,Bandhan Value Fund,seeded,shortcode,2026-06,latest
bandhan-mutual-fund,IDF022,,118473,BANDHAN ELSS Tax Saver Fund,Bandhan ELSS Tax Saver Fund,seeded,shortcode,2026-06,latest
bandhan-mutual-fund,IDF024,,118410,Bandhan Income Plus Arbitrage Active FOF,Bandhan Income Plus Arbitrage Active FOF,seeded,shortcode,2026-06,latest
bandhan-mutual-fund,IDF025,,118491,BANDHAN Conservative Hybrid Fund,Bandhan Conservative Hybrid Fund,seeded,shortcode,2026-06,latest
bandhan-mutual-fund,IDF026,,118485,Bandhan Aggressive Hybrid Passive FOF,Bandhan Aggressive Hybrid Passive FOF,seeded,shortcode,2026-06,latest
bandhan-mutual-fund,IDF027,,118486,Bandhan Conservative Hybrid Passive FOF,Bandhan Conservative Hybrid Passive FOF,seeded,shortcode,2026-06,latest
bandhan-mutual-fund,IDF028,,118489,Bandhan Multi - Asset Passive FOF,Bandhan Multi-Asset Passive FOF,seeded,shortcode,2026-06,latest
bandhan-mutual-fund,IDF029,,118482,BANDHAN Nifty 50 Index Fund,Bandhan Nifty 50 Index Fund,seeded,shortcode,2026-06,latest
bandhan-mutual-fund,IDF052,,118469,BANDHAN Infrastructure Fund,Bandhan Infrastructure Fund,seeded,shortcode,2026-06,latest
bandhan-mutual-fund,IDF138,,121279,Bandhan Banking and PSU Fund,Bandhan Banking and PSU Fund,seeded,shortcode,2026-06,latest
bandhan-mutual-fund,IDF223,,131355,BANDHAN Balanced Advantage Fund,Bandhan Balanced Advantage Fund,seeded,shortcode,2026-06,latest
bandhan-mutual-fund,IDF228,,135916,BANDHAN Corporate Bond Fund,Bandhan Corporate Bond Fund,seeded,shortcode,2026-06,latest
bandhan-mutual-fund,IDF229,,139840,BANDHAN BSE Sensex ETF,Bandhan BSE Sensex ETF,seeded,shortcode,2026-06,latest
bandhan-mutual-fund,IDF230,,139839,BANDHAN Nifty 50 ETF,Bandhan Nifty 50 ETF,seeded,shortcode,2026-06,latest
bandhan-mutual-fund,IDF231,,140382,Bandhan Aggressive Hybrid Fund,Bandhan Aggressive Hybrid Fund,seeded,shortcode,2026-06,latest
bandhan-mutual-fund,IDF232,,140603,BANDHAN Credit Risk Fund,Bandhan Credit Risk Fund,seeded,shortcode,2026-06,latest
bandhan-mutual-fund,IDF255,,144173,BANDHAN ULTRA SHORT DURATION FUND,Bandhan Ultra Short Duration Fund,seeded,shortcode,2026-06,latest
bandhan-mutual-fund,IDF265,,146191,BANDHAN Overnight Fund,Bandhan Overnight Fund,seeded,shortcode,2026-06,latest
bandhan-mutual-fund,IDF268,,146701,BANDHAN Fixed Term Series 179,Bandhan Fixed Term Series 179,seeded,name_match,latest,latest
bandhan-mutual-fund,IDF271,,147946,BANDHAN SMALL CAP FUND,Bandhan Small Cap Fund,seeded,shortcode,2026-06,latest
bandhan-mutual-fund,IDF272,,148711,BANDHAN FLOATER FUND,Bandhan Floater Fund,seeded,shortcode,2026-06,latest
bandhan-mutual-fund,IDF273,,148789,BANDHAN CRISIL IBX Gilt June 2027 Index Fund,Bandhan CRISIL IBX Gilt June 2027 Index Fund,seeded,shortcode,2026-06,latest
bandhan-mutual-fund,IDF274,,148792,BANDHAN CRISIL IBX Gilt April 2028 Index Fund,Bandhan CRISIL IBX Gilt April 2028 Index Fund,seeded,shortcode,2026-06,latest
bandhan-mutual-fund,IDF276,,149098,Bandhan US specific Equity Active FOF,Bandhan US specific Equity Active FOF,seeded,shortcode,2026-06,latest
bandhan-mutual-fund,IDF277,,149303,BANDHAN MULTI CAP FUND,Bandhan Multi Cap Fund,seeded,shortcode,2026-06,latest
bandhan-mutual-fund,IDF278,,149832,BANDHAN NIFTY 100 INDEX FUND,Bandhan Nifty 100 Index Fund,seeded,shortcode,2026-06,latest
bandhan-mutual-fund,IDF281,,150404,BANDHAN MIDCAP FUND,Bandhan Midcap Fund,seeded,shortcode,2026-06,latest
bandhan-mutual-fund,IDF282,,150591,BANDHAN NIFTY200 MOMENTUM 30 INDEX FUND,Bandhan Nifty200 Momentum 30 Index Fund,seeded,shortcode,2026-06,latest
bandhan-mutual-fund,IDF283,,150636,BANDHAN NIFTY100 LOW VOLATILITY 30 INDEX FUND,Bandhan Nifty100 Low Volatility 30 Index Fund,seeded,shortcode,2026-06,latest
bandhan-mutual-fund,IDF284,,150716,BANDHAN TRANSPORTATION AND LOGISTICS FUND,Bandhan Transportation and Logistics Fund,seeded,shortcode,2026-06,latest
bandhan-mutual-fund,IDF286,,150868,BANDHAN CRISIL IBX 90:10 SDL PLUS GILT - NOV 2026 INDEX FUND,Bandhan CRISIL IBX 90:10 SDL Plus Gilt November 2026 Index Fund,seeded,shortcode,2026-06,latest
bandhan-mutual-fund,IDF287,,150871,BANDHAN CRISIL IBX 90:10 SDL PLUS GILT APRIL 2032 INDEX FUND,Bandhan CRISIL IBX 90:10 SDL Plus Gilt April 2032 Index Fund,seeded,shortcode,2026-06,latest
bandhan-mutual-fund,IDF288,,150888,BANDHAN CRISIL IBX 90:10 SDL PLUS GILT - SEP27 INDEX FUND,Bandhan CRISIL IBX 90:10 SDL Plus Gilt September 2027 Index Fund,seeded,shortcode,2026-06,latest
bandhan-mutual-fund,IDF289,,151408,BANDHAN CRISIL IBX GILT APRIL 2032 INDEX FUND,Bandhan CRISIL IBX GILT APRIL 2032 INDEX FUND,seeded,shortcode,2026-06,latest
bandhan-mutual-fund,IDF291,,151548,Bandhan US Treasury Bond 0 - 1 year specific Debt Passive FOF,Bandhan US Treasury Bond 0-1 year specific Debt Passive FOF,seeded,shortcode,2026-06,latest
bandhan-mutual-fund,IDF292,,151816,BANDHAN FINANCIAL SERVICES FUND,Bandhan Financial Services Fund,seeded,shortcode,2026-06,latest
bandhan-mutual-fund,IDF293,,152041,Bandhan Nifty IT Index Fund,Bandhan Nifty IT Index Fund,seeded,shortcode,2026-06,latest
bandhan-mutual-fund,IDF294,,152102,Bandhan Retirement Fund,Bandhan Retirement Fund,seeded,shortcode,2026-06,latest
bandhan-mutual-fund,IDF295,,152177,Bandhan Nifty Alpha 50 Index Fund,Bandhan Nifty Alpha 50 Index Fund,seeded,shortcode,2026-06,latest
bandhan-mutual-fund,IDF296,,152264,BANDHAN Nifty Smallcap 250 Index Fund,Bandhan Nifty Smallcap 250 Index Fund,seeded,shortcode,2026-06,latest
bandhan-mutual-fund,IDF297,,152324,Bandhan Multi Asset Allocation Fund,Bandhan Multi Asset Fund,seeded,shortcode,2026-06,latest
bandhan-mutual-fund,IDF299,,152520,Bandhan Long Duration Fund,Bandhan Long Duration Fund,seeded,shortcode,2026-06,latest
bandhan-mutual-fund,IDF300,,152607,Bandhan Innovation Fund,Bandhan Innovation Fund,seeded,shortcode,2026-06,latest
bandhan-mutual-fund,IDF301,,152716,Bandhan Nifty Total Market Index Fund,Bandhan Nifty Total Market Index Fund,seeded,shortcode,2026-06,latest
bandhan-mutual-fund,IDF302,,152793,Bandhan Nifty Bank Index Fund,Bandhan Nifty Bank Index Fund,seeded,shortcode,2026-06,latest
bandhan-mutual-fund,IDF303,,152844,Bandhan BSE Healthcare Index Fund,Bandhan BSE Healthcare Index Fund,seeded,shortcode,2026-06,latest
bandhan-mutual-fund,IDF304,,152855,Bandhan Nifty Midcap 150 Index Fund,Bandhan Nifty Midcap 150 Index Fund,seeded,shortcode,2026-06,latest
bandhan-mutual-fund,IDF305,,152878,Bandhan Business Cycle Fund,Bandhan Business Cycle Fund,seeded,shortcode,2026-06,latest
bandhan-mutual-fund,IDF306,,152990,Bandhan Nifty 500 Value 50 Index Fund,Bandhan Nifty 500 Value 50 Index Fund,seeded,shortcode,2026-06,latest
bandhan-mutual-fund,IDF307,,153003,Bandhan Nifty 500 Momentum 50 Index Fund,Bandhan Nifty 500 Momentum 50 Index Fund,seeded,shortcode,2026-06,latest
bandhan-mutual-fund,IDF308,,153114,Bandhan Nifty 200 Quality 30 Index Fund,Bandhan Nifty 200 Quality 30 Index Fund,seeded,shortcode,2026-06,latest
bandhan-mutual-fund,IDF309,,153213,Bandhan Nifty Alpha Low Volatility 30 Index Fund,Bandhan Nifty Alpha Low Volatility 30 Index Fund,seeded,shortcode,2026-06,latest
bandhan-mutual-fund,IDF311,,153350,Bandhan Nifty Next 50 Index Fund,Bandhan Nifty Next 50 Index Fund,seeded,shortcode,2026-06,latest
bandhan-mutual-fund,IDF312,,153389,Bandhan CRISIL - IBX 10:90 Gilt Plus SDL Index - Dec 2029 Fund,Bandhan CRISIL-IBX 10:90 Gilt + SDL Index Dec 2029 Fund,seeded,shortcode,2026-06,latest
bandhan-mutual-fund,IDF313,,153407,Bandhan CRISIL - IBX Financial Services 3 - 6 Months Debt Index Fund,Bandhan CRISIL-IBX Financial Services 3-6 Months Debt Index Fund,seeded,shortcode,2026-06,latest
bandhan-mutual-fund,IDF314,,153722,Bandhan Multi - Factor Fund,Bandhan Multi-Factor Fund,seeded,shortcode,2026-06,latest
bandhan-mutual-fund,IDF315,,153838,Bandhan BSE India Sector Leaders Index Fund,Bandhan BSE India Sector Leaders Index Fund,seeded,shortcode,2026-06,latest
bandhan-mutual-fund,IDF316,,153930,Bandhan Gold ETF,Bandhan Gold ETF,seeded,shortcode,2026-06,latest
bandhan-mutual-fund,IDF317,,153929,Bandhan Silver ETF,Bandhan Silver ETF,seeded,shortcode,2026-06,latest
bandhan-mutual-fund,IDF318,,153972,Bandhan Healthcare Fund,Bandhan Healthcare Fund,seeded,shortcode,2026-06,latest
bandhan-mutual-fund,IDF319,,154129,Bandhan Gold ETF FOF,Bandhan Gold ETF FOF,seeded,shortcode,2026-06,latest
bandhan-mutual-fund,IDF320,,154136,Bandhan Silver ETF FOF,Bandhan Silver ETF FOF,seeded,shortcode,2026-06,latest
bank-of-india-mutual-fund,YB01,,119369,BANK OF INDIA Liquid Fund,Bank Of India Liquid Fund,seeded,shortcode,2026-06,latest
bank-of-india-mutual-fund,YB02,,119379,BANK OF INDIA Ultra Short Duration Fund,Bank Of India Ultra Short Duration Fund,seeded,shortcode,2026-06,latest
bank-of-india-mutual-fund,YB04,,119350,BANK OF INDIA Large & Mid Cap Fund,Bank Of India Large & Mid Cap Fund,seeded,shortcode,2026-06,latest
bank-of-india-mutual-fund,YB06,,119382,BANK OF INDIA Short Term Income Fund,Bank Of India Short Term Income Fund,seeded,shortcode,2026-06,latest
bank-of-india-mutual-fund,YB07,,111712,BANK OF INDIA Conservative Hybrid Fund,Bank Of India Conservative Hybrid Fund,seeded,shortcode,2026-06,latest
bank-of-india-mutual-fund,YB08,,119351,BANK OF INDIA ELSS Tax Saver,Bank of India ELSS Tax Saver,seeded,shortcode,2026-06,latest
bank-of-india-mutual-fund,YB09,,119364,BANK OF INDIA Manufacturing & Infrastructure Fund,Bank Of India Manufacturing and Infrastructure Fund,seeded,shortcode,2026-06,latest
bank-of-india-mutual-fund,YB21,,127850,BANK OF INDIA BALANCED ADVANTAGE FUND,Bank Of India Balanced Advantage Fund,seeded,shortcode,2026-06,latest
bank-of-india-mutual-fund,YB26,,133868,BANK OF INDIA Credit Risk Fund,Bank Of India Credit Risk Fund,seeded,shortcode,2026-06,latest
bank-of-india-mutual-fund,YB30,,139527,BANK OF INDIA MID & SMALL CAP EQUITY & DEBT FUND,Bank Of India Mid & Small Cap Equity & Debt Fund,seeded,shortcode,2026-06,latest
bank-of-india-mutual-fund,YB31,,141950,BANK OF INDIA Mid Cap Tax Fund Series 1,Bank Of India Mid Cap Tax Fund Series 1,seeded,shortcode,2026-06,latest
bank-of-india-mutual-fund,YB32,,143614,BANK OF INDIA Arbitrage Fund,Bank Of India Arbitrage Fund,seeded,shortcode,2026-06,latest
bank-of-india-mutual-fund,YB33,,144315,BANK OF INDIA Midcap Tax Fund Series 2,Bank Of India Mid Cap Tax Fund Series 2,seeded,shortcode,2026-06,latest
bank-of-india-mutual-fund,YB34,,145678,BANK OF INDIA Small Cap Fund,Bank Of India Small Cap Fund,seeded,shortcode,2026-06,latest
bank-of-india-mutual-fund,YB35,,147951,BANK OF INDIA Overnight Fund,Bank Of India Overnight Fund,seeded,shortcode,2026-06,latest
bank-of-india-mutual-fund,YB36,,148404,BANK OF INDIA Flexi Cap Fund,Bank Of India Flexi Cap Fund,seeded,shortcode,2026-06,latest
bank-of-india-mutual-fund,YB37,,148980,BANK OF INDIA Large Cap Fund,Bank of India Large Cap Fund,seeded,shortcode,2026-06,latest
bank-of-india-mutual-fund,YB38,,151443,Bank of India Multi Cap Fund,Bank Of India Multi Cap FUND,seeded,shortcode,2026-06,latest
bank-of-india-mutual-fund,YB39,,152396,Bank of India Multi Asset Allocation Fund,Bank of India Multi Asset Allocation Fund,seeded,shortcode,2026-06,latest
bank-of-india-mutual-fund,YB40,,152789,Bank of India Business Cycle Fund,Bank of India Business Cycle Fund,seeded,shortcode,2026-06,latest
bank-of-india-mutual-fund,YB41,,153139,Bank of India Consumption Fund,Bank of India Consumption Fund,seeded,shortcode,2026-06,latest
bank-of-india-mutual-fund,YB42,,153294,Bank of India Money Market Fund,Bank of India Money Market Fund,seeded,shortcode,2026-06,latest
bank-of-india-mutual-fund,YB43,,153728,Bank of India Mid Cap Fund,Bank of India Mid Cap Fund,seeded,shortcode,2026-06,latest
bank-of-india-mutual-fund,YB44,,154093,Bank of India Banking & Financial Services Fund,Bank of India Banking & Financial Services Fund,seeded,shortcode,2026-06,latest
baroda-bnp-paribas-mutual-fund,T0MD09,,150169,BARODA BNP PARIBAS LOW DURATION Fund,Baroda BNP Paribas Low Duration Fund,seeded,shortcode,2026-06,latest
baroda-bnp-paribas-mutual-fund,T0MD12,,150180,Baroda BNP Paribas Dynamic Bond Fund,Baroda BNP Paribas Dynamic Bond Fund,seeded,shortcode,2026-06,latest
baroda-bnp-paribas-mutual-fund,T0MD13,,150237,BARODA BNP PARIBAS Corporate Bond Fund,Baroda BNP Paribas Corporate Bond Fund,seeded,shortcode,2026-06,latest
baroda-bnp-paribas-mutual-fund,T0MD27,,151283,Baroda BNP Paribas Nifty SDL December 2026 Index Fund,Baroda BNP Paribas NIFTY SDL December 2026 Index Fund,seeded,shortcode,2026-06,latest
baroda-bnp-paribas-mutual-fund,T0MD28,,151574,Baroda BNP Paribas NIFTY SDL December 2028 Index Fund,Baroda BNP Paribas NIFTY SDL December 2028 Index Fund,seeded,shortcode,2026-06,latest
baroda-bnp-paribas-mutual-fund,T0ME02,,150212,BARODA BNP PARIBAS Mid Cap Fund,Baroda BNP Paribas Mid Cap Fund,seeded,shortcode,2026-06,latest
baroda-bnp-paribas-mutual-fund,T0ME04,,150187,BARODA BNP PARIBAS LARGE CAP Fund,Baroda BNP Paribas Large Cap Fund,seeded,shortcode,2026-06,latest
baroda-bnp-paribas-mutual-fund,T0ME05,,150159,BARODA BNP PARIBAS ELSS Tax Saver Fund,Baroda BNP Paribas ELSS Tax Saver Fund,seeded,shortcode,2026-06,latest
baroda-bnp-paribas-mutual-fund,T0ME08,,150206,BARODA BNP PARIBAS Conservative Hybrid Fund,Baroda BNP Paribas Conservative Hybrid Fund,seeded,shortcode,2026-06,latest
baroda-bnp-paribas-mutual-fund,T0ME18,,150251,BARODA BNP PARIBAS ARBITRAGE FUND,Baroda BNP Paribas Arbitrage Fund,seeded,shortcode,2026-06,latest
baroda-bnp-paribas-mutual-fund,T0ME19,,150260,Baroda BNP Paribas Aggressive Hybrid Fund,Baroda BNP Paribas Aggressive Hybrid Fund,seeded,shortcode,2026-06,latest
baroda-bnp-paribas-mutual-fund,T0ME20,,150264,BARODA BNP PARIBAS Focused Fund,Baroda BNP Paribas Focused Fund,seeded,shortcode,2026-06,latest
baroda-bnp-paribas-mutual-fund,T0ME21,,150266,BARODA BNP PARIBAS India Consumption Fund,Baroda BNP Paribas India Consumption Fund,seeded,shortcode,2026-06,latest
baroda-bnp-paribas-mutual-fund,T0ME24,,150285,Baroda BNP Paribas Aqua Fund of Fund,Baroda BNP Paribas Aqua Fund of Fund,seeded,shortcode,2026-06,latest
baroda-bnp-paribas-mutual-fund,T0ME25,,150387,Baroda BNP Paribas Flexi Cap Fund,Baroda BNP Paribas Flexi Cap Fund,seeded,shortcode,2026-06,latest
baroda-bnp-paribas-mutual-fund,T0ME26,,150865,Baroda BNP Paribas Multi Asset Fund,Baroda BNP Paribas Multi Asset Fund,seeded,shortcode,2026-06,latest
baroda-bnp-paribas-mutual-fund,T0ME30,,151755,Baroda BNP Paribas Value Fund,Baroda BNP Paribas Value Fund,seeded,shortcode,2026-06,latest
baroda-bnp-paribas-mutual-fund,T0ME31,,152231,Baroda BNP Paribas Gold ETF,Baroda BNP Paribas Gold ETF,seeded,shortcode,2026-06,latest
baroda-bnp-paribas-mutual-fund,T0ME32,,152128,Baroda BNP Paribas Small Cap Fund,Baroda BNP Paribas Small Cap Fund,seeded,shortcode,2026-06,latest
baroda-bnp-paribas-mutual-fund,T0ME33,,152329,Baroda BNP Paribas Nifty 50 Index Fund,Baroda BNP Paribas Nifty 50 Index Fund,seeded,shortcode,2026-06,latest
baroda-bnp-paribas-mutual-fund,T0ME34,,152470,Baroda BNP Paribas Innovation Fund,Baroda BNP Paribas Innovation Fund,seeded,shortcode,2026-06,latest
baroda-bnp-paribas-mutual-fund,T0ME35,,152628,Baroda BNP Paribas Retirement Fund,Baroda BNP Paribas Retirement Fund,seeded,shortcode,2026-06,latest
baroda-bnp-paribas-mutual-fund,T0ME36,,152683,Baroda BNP Paribas Nifty Bank ETF,Baroda BNP Paribas NIFTY BANK ETF,seeded,shortcode,2026-06,latest
baroda-bnp-paribas-mutual-fund,T0ME37,,152697,Baroda BNP Paribas Manufacturing Fund,Baroda BNP Paribas Manufacturing Fund,seeded,shortcode,2026-06,latest
baroda-bnp-paribas-mutual-fund,T0ME38,,152810,Baroda BNP Paribas Dividend Yield Fund,Baroda BNP Paribas Dividend Yield Fund,seeded,shortcode,2026-06,latest
baroda-bnp-paribas-mutual-fund,T0ME39,,152931,Baroda BNP Paribas Nifty200 Momentum 30 Index Fund,Baroda BNP Paribas Nifty200 Momentum 30 Index Fund,seeded,shortcode,2026-06,latest
baroda-bnp-paribas-mutual-fund,T0ME40,,153000,Baroda BNP Paribas Nifty Midcap 150 Index Fund,Baroda BNP Paribas NIFTY Midcap 150 Index Fund,seeded,shortcode,2026-06,latest
baroda-bnp-paribas-mutual-fund,T0ME41,,153171,Baroda BNP Paribas Children's Fund,Baroda BNP Paribas Childrens Fund,seeded,shortcode,2026-06,latest
baroda-bnp-paribas-mutual-fund,T0ME42,,153225,Baroda BNP Paribas Energy Opportunities Fund,Baroda BNP Paribas Energy Opportunities Fund,seeded,shortcode,2026-06,latest
baroda-bnp-paribas-mutual-fund,T0ME43,,153536,Baroda BNP Paribas Income Plus Arbitrage Active FOF,BBP Income Plus Arbitrage Active FOF,seeded,shortcode,2026-06,latest
baroda-bnp-paribas-mutual-fund,T0ME44,,153552,Baroda BNP Paribas Multi Asset Active FOF,Baroda BNP Paribas Multi Asset Active FOF,seeded,shortcode,2026-06,latest
baroda-bnp-paribas-mutual-fund,T0ME45,,153604,Baroda BNP Paribas Health and Wellness Fund,Baroda BNP Paribas Health and Wellness Fund,seeded,shortcode,2026-06,latest
baroda-bnp-paribas-mutual-fund,T0ME46,,153795,Baroda BNP Paribas Gold ETF Fund of Funds,Baroda BNP Paribas Gold ETF FOF,seeded,shortcode,2026-06,latest
baroda-bnp-paribas-mutual-fund,T0ME47,,153847,Baroda BNP Paribas Business Conglomerates Fund,Baroda BNP Paribas Business Conglomerates Fund,seeded,shortcode,2026-06,latest
baroda-bnp-paribas-mutual-fund,T0ME48,,154195,Baroda BNP Paribas Best - in - Class Strategy Fund,Baroda BNP Paribas ESG Best-in-Class Strategy Fund,seeded,shortcode,2026-06,latest
baroda-bnp-paribas-mutual-fund,YR04,,119354,Baroda BNP Paribas MULTI CAP FUND,Baroda BNP Paribas Multi Cap Fund,seeded,shortcode,2026-06,latest
baroda-bnp-paribas-mutual-fund,YR07,,119341,Baroda BNP Paribas GILT FUND,Baroda BNP Paribas Gilt Fund,seeded,shortcode,2026-06,latest
baroda-bnp-paribas-mutual-fund,YR11,,119415,Baroda BNP Paribas LIQUID FUND,Baroda BNP Paribas Liquid Fund,seeded,shortcode,2026-06,latest
baroda-bnp-paribas-mutual-fund,YR15,,119400,Baroda BNP Paribas Short Duration Fund,Baroda BNP Paribas Short Duration Fund,seeded,shortcode,2026-06,latest
baroda-bnp-paribas-mutual-fund,YR29,,119333,Baroda BNP Paribas Banking and Financial Services Fund,Baroda BNP Paribas Banking & Financial Services Fund,seeded,shortcode,2026-06,latest
baroda-bnp-paribas-mutual-fund,YR45,,133488,Baroda BNP Paribas Credit Risk Fund,Baroda BNP Paribas Credit Risk Fund,seeded,shortcode,2026-06,latest
baroda-bnp-paribas-mutual-fund,YR47,,143510,Baroda BNP Paribas Ultra Short Duratio Fund,Baroda BNP Paribas Ultra Short Duration Fund,seeded,shortcode,2026-06,latest
baroda-bnp-paribas-mutual-fund,YR48,,145396,Baroda BNP Paribas Balanced Advantage Fund,Baroda BNP Paribas Balanced Advantage Fund,seeded,shortcode,2026-06,latest
baroda-bnp-paribas-mutual-fund,YR51,,147196,Baroda BNP Paribas Overnight Fund,Baroda BNP Paribas Overnight Fund,seeded,shortcode,2026-06,latest
baroda-bnp-paribas-mutual-fund,YR52,,147377,Baroda BNP Paribas Money Market Fund,Baroda BNP Paribas Money Market Fund,seeded,shortcode,2026-06,latest
baroda-bnp-paribas-mutual-fund,YR53,,147496,Baroda BNP Paribas Equity Savings Fund,Baroda BNP Paribas Equity Savings Fund,seeded,shortcode,2026-06,latest
baroda-bnp-paribas-mutual-fund,YR54,,148474,Baroda BNP Paribas Large and Mid Cap Fund,Baroda BNP Paribas Large & Mid Cap Fund,seeded,shortcode,2026-06,latest
baroda-bnp-paribas-mutual-fund,YR56,,149141,Baroda BNP Paribas Business Cycle Fund,Baroda BNP Paribas Business Cycle Fund,seeded,shortcode,2026-06,latest
canara-robeco-mutual-fund,BA,,152688,Canara Robeco Balanced Advantage Fund,CANARA ROBECO BALANCED ADVANTAGE FUND,seeded,shortcode,latest,latest
canara-robeco-mutual-fund,BF,,154250,Canara Robeco Banking and Financials Services Fund,CANARA ROBECO BANKING AND FINANCIAL SERVICES FUND,seeded,shortcode,latest,latest
canara-robeco-mutual-fund,BP,,150505,Canara Robeco Banking and PSU Debt Fund,CANARA ROBECO BANKING AND PSU DEBT FUND,seeded,shortcode,latest,latest
canara-robeco-mutual-fund,CF,,118273,CANARA ROBECO CONSUMPTION FUND,CANARA ROBECO CONSUMPTION FUND,seeded,shortcode,latest,latest
canara-robeco-mutual-fund,CRCHF,,118309,CANARA ROBECO CONSERVATIVE HYBRID FUND,CANARA ROBECO CONSERVATIVE HYBRID FUND,seeded,shortcode,latest,latest
canara-robeco-mutual-fund,CRSF,,118291,CANARA ROBECO SAVINGS FUND,CANARA ROBECO SAVINGS FUND,seeded,shortcode,latest,latest
canara-robeco-mutual-fund,CY,,118320,CANARA ROBECO SHORT DURATION FUND,CANARA ROBECO SHORT DURATION FUND,seeded,shortcode,latest,latest
canara-robeco-mutual-fund,DB,,118284,CANARA ROBECO DYNAMIC BOND FUND,CANARA ROBECO DYNAMIC BOND FUND,seeded,shortcode,latest,latest
canara-robeco-mutual-fund,DV,,118275,CANARA ROBECO FLEXICAP FUND,CANARA ROBECO FLEXICAP FUND,seeded,shortcode,latest,latest
canara-robeco-mutual-fund,EQ,,118278,CANARA ROBECO LARGE AND MID CAP FUND,CANARA ROBECO LARGE AND MID CAP FUND,seeded,shortcode,latest,latest
canara-robeco-mutual-fund,ET,,118285,CANARA ROBECO ELSS TAX SAVER,CANARA ROBECO ELSS TAX SAVER,seeded,shortcode,latest,latest
canara-robeco-mutual-fund,FE,,148883,Canara Robeco Focused Fund,CANARA ROBECO FOCUSED FUND,seeded,shortcode,latest,latest
canara-robeco-mutual-fund,FR,,118291,CANARA ROBECO SAVINGS FUND,CANARA ROBECO SAVINGS FUND,seeded,name_match,latest,latest
canara-robeco-mutual-fund,GB,,118272,CANARA ROBECO EQUITY HYBRID FUND,CANARA ROBECO EQUITY HYBRID FUND,seeded,shortcode,latest,latest
canara-robeco-mutual-fund,GL,,118299,CANARA ROBECO GILT FUND,CANARA ROBECO GILT FUND,seeded,shortcode,latest,latest
canara-robeco-mutual-fund,IF,,118282,CANARA ROBECO INCOME FUND,CANARA ROBECO INCOME FUND,seeded,shortcode,latest,latest
canara-robeco-mutual-fund,IN,,118267,CANARA ROBECO INFRASTRUCTURE FUND,CANARA ROBECO INFRASTRUCTURE,seeded,shortcode,latest,latest
canara-robeco-mutual-fund,LC,,118269,CANARA ROBECO LARGE CAP FUND,CANARA ROBECO LARGE CAP FUND,seeded,shortcode,latest,latest
canara-robeco-mutual-fund,LI,,118305,CANARA ROBECO LIQUID FUND,CANARA ROBECO LIQUID FUND,seeded,shortcode,latest,latest
canara-robeco-mutual-fund,MA,,153465,Canara Robeco Multi Asset Allocation Fund,CANARA ROBECO MULTI ASSET ALLOCATION FUND,seeded,shortcode,latest,latest
canara-robeco-mutual-fund,MD,,150817,Canara Robeco Mid Cap Fund,CANARA ROBECO MID CAP FUND,seeded,shortcode,latest,latest
canara-robeco-mutual-fund,MF,,151824,Canara Robeco Multi Cap Fund,CANARA ROBECO MULTI CAP FUND,seeded,shortcode,latest,latest
canara-robeco-mutual-fund,MI,,118309,CANARA ROBECO CONSERVATIVE HYBRID FUND,CANARA ROBECO CONSERVATIVE HYBRID FUND,seeded,name_match,latest,latest
canara-robeco-mutual-fund,MN,,152450,Canara Robeco Manufacturing Fund,CANARA ROBECO MANUFACTURING FUND,seeded,shortcode,latest,latest
canara-robeco-mutual-fund,MO,,126685,CANARA ROBECO CORPORATE BOND FUND,CANARA ROBECO CORPORATE BOND FUND,seeded,shortcode,latest,latest
canara-robeco-mutual-fund,OF,,147531,CANARA ROBECO OVERNIGHT FUND,CANARA ROBECO OVERNIGHT FUND,seeded,shortcode,latest,latest
canara-robeco-mutual-fund,SC,,146130,CANARA ROBECO SMALL CAP FUND,CANARA ROBECO SMALL CAP FUND,seeded,shortcode,latest,latest
canara-robeco-mutual-fund,TA,,118317,CANARA ROBECO ULTRA SHORT TERM FUND,CANARA ROBECO ULTRA SHORT TERM FUND,seeded,shortcode,latest,latest
canara-robeco-mutual-fund,VF,,149085,Canara Robeco Value Fund,CANARA ROBECO VALUE FUND,seeded,shortcode,latest,latest
capitalmind-mutual-fund,CMARB,,154236,Capitalmind Arbitrage Fund,Capitalmind Arbitrage Fund,seeded,shortcode,2026-06,latest
capitalmind-mutual-fund,CMFLEXI,,153738,CAPITALMIND FLEXI CAP FUND,Capitalmind Flexi Cap Fund,seeded,shortcode,2026-06,latest
capitalmind-mutual-fund,CMLIQ,,154011,Capitalmind Liquid Fund,Capitalmind Liquid Fund,seeded,shortcode,2026-06,latest
capitalmind-mutual-fund,CMMAAF,,154232,Capitalmind Multi Asset Allocation Fund,Capitalmind Multi Asset Allocation Fund,seeded,shortcode,2026-06,latest
choice-mutual-fund,CGETF,,153933,Choice Gold ETF,Choice Gold ETF,seeded,shortcode,2026-06,latest
choice-mutual-fund,CH002,,154301,Choice Nifty 50 Index Fund,Choice Nifty 50 Index Fund,seeded,shortcode,2026-06,latest
choice-mutual-fund,CH003,,154304,Choice Nifty Next 50 Index Fund,Choice Nifty Next 50 Index Fund,seeded,shortcode,2026-06,latest
choice-mutual-fund,CLONTF,,154413,Choice Overnight Fund,Choice Overnight Fund,seeded,shortcode,latest,latest
dsp-mutual-fund,10YGF,,131301,DSP 10Y G - Sec Fund,DSP 10Y G-Sec Fund,seeded,shortcode,2026-06,latest
dsp-mutual-fund,ARBITRAGE,,142283,DSP Arbitrage Fund,DSP Arbitrage Fund,seeded,shortcode,2026-06,latest
dsp-mutual-fund,Aggressive Hybrid,,119019,DSP Aggressive Hybrid Fund,DSP Aggressive Hybrid Fund,seeded,shortcode,latest,latest
dsp-mutual-fund,BANKING & PSU,,124175,DSP Banking & PSU Debt Fund,DSP Banking and PSU Debt Fund,seeded,shortcode,latest,latest
dsp-mutual-fund,BOND,,118924,DSP Bond Fund,DSP Bond Fund,seeded,shortcode,2026-06,latest
dsp-mutual-fund,BSE Liquid Rate ETF,,152555,DSP BSE Liquid Rate ETF,DSP BSE Liquid Rate ETF,seeded,shortcode,latest,latest
dsp-mutual-fund,BSE Sensex ETF,,151886,DSP BSE Sensex ETF,DSP BSE SENSEX ETF,seeded,shortcode,latest,latest
dsp-mutual-fund,BSE Top 10 Banks ETF,,154256,DSP BSE Top 10 Banks ETF,DSP BSE Top 10 Banks ETF,seeded,shortcode,latest,latest
dsp-mutual-fund,Banking and Financial Services,,152206,DSP Banking & Financial Services Fund,DSP Banking & Financial Services Fund,seeded,shortcode,latest,latest
dsp-mutual-fund,Business Cycle Fund,,153121,DSP Business Cycle Fund,DSP Business Cycle Fund,seeded,shortcode,latest,latest
dsp-mutual-fund,CREDITRISK,,119082,DSP Credit Risk Fund,DSP Credit Risk Fund,seeded,shortcode,2026-06,latest
dsp-mutual-fund,CRISIL SDL GSec 2033,,151329,DSP CRISIL - IBX 50:50 Gilt Plus SDL - April 2033 Index Fund,DSP CRISIL-IBX 50:50 Gilt Plus SDL - April 2033 Index Fund,seeded,shortcode,latest,latest
dsp-mutual-fund,Corporate Bond,,144646,DSP Corporate Bond Fund,DSP Corporate Bond Fund,seeded,shortcode,latest,latest
dsp-mutual-fund,DAAF,,126393,DSP Dynamic Asset Allocation Fund,DSP Dynamic Asset Allocation Fund,seeded,shortcode,2026-06,latest
dsp-mutual-fund,DSP Quant Fund,,147306,DSP Quant Fund,DSP Quant Fund,seeded,shortcode,latest,latest
dsp-mutual-fund,DSP Short Term Fund,,119226,DSP Short Term Fund,DSP Short Term Fund,seeded,shortcode,latest,latest
dsp-mutual-fund,DSP Value Fund,,148595,DSP Value Fund,DSP Value Fund,seeded,shortcode,latest,latest
dsp-mutual-fund,EQUALNIFTY50,,141877,DSP Nifty 50 Equal Weight Index Fund,DSP Nifty 50 Equal Weight Index Fund,seeded,shortcode,2026-06,latest
dsp-mutual-fund,ESF,,136567,DSP Equity Savings Fund,DSP Equity Savings Fund,seeded,shortcode,2026-06,latest
dsp-mutual-fund,FLOATER,,148771,DSP Floater Fund,DSP Floater Fund,seeded,shortcode,2026-06,latest
dsp-mutual-fund,FMP Series 267-1172D,,150842,DSP FMP Series - 267 - 1172 Days,DSP FMP Series - 267 -,seeded,shortcode,latest,latest
dsp-mutual-fund,FMP Series 270-1172D,,151449,DSP FMP Series - 270 - 1172 Days,DSP FMP Series - 270 -,seeded,shortcode,latest,latest
dsp-mutual-fund,FOCUSED,,119096,DSP Focused Fund,DSP Focused Fund,seeded,shortcode,2026-06,latest
dsp-mutual-fund,Flexi Cap,,119076,DSP Flexi Cap Fund,DSP Flexi Cap Fund,seeded,shortcode,latest,latest
dsp-mutual-fund,GILT,,119099,DSP Gilt Fund,DSP Gilt Fund,seeded,shortcode,2026-06,latest
dsp-mutual-fund,GOLD ETF,,151737,DSP Gold ETF,DSP Gold ETF,seeded,shortcode,latest,latest
dsp-mutual-fund,GOLD ETF FOF,,152183,DSP Gold ETF Fund of Fund,DSP Gold ETF Fund of Fund,seeded,shortcode,latest,latest
dsp-mutual-fund,Global Clean Energy FOF,,119275,DSP Global Clean Energy Overseas Equity Omni FoF,DSP Global Clean Energy Overseas Equity Omni FoF,seeded,shortcode,latest,latest
dsp-mutual-fund,Global Innovation,,149816,DSP Global Innovation Overseas Equity Omni FoF,DSP Global Innovation Overseas Equity Omni FoF,seeded,shortcode,latest,latest
dsp-mutual-fund,HEALTHCARE,,145454,DSP Healthcare Fund,DSP Healthcare Fund,seeded,shortcode,2026-06,latest
dsp-mutual-fund,Healthcare ETF,,152306,DSP Nifty Healthcare ETF,DSP Nifty Healthcare ETF,seeded,shortcode,latest,latest
dsp-mutual-fund,Income Plus Arbitrage FOF,,130493,DSP Income Plus Arbitrage Omni FoF,DSP Income Plus Arbitrage Omni FoF,seeded,shortcode,latest,latest
dsp-mutual-fund,LDF,,133925,DSP Low Duration Fund,DSP Low Duration Fund,seeded,shortcode,2026-06,latest
dsp-mutual-fund,LIQUID,,119125,DSP Liquidity Fund,DSP Liquidity Fund,seeded,shortcode,latest,latest
dsp-mutual-fund,LIQUIDETF,,142589,DSP NIFTY 1D Rate Liquid ETF,DSP NIFTY 1D Rate Liquid ETF,seeded,shortcode,2026-06,latest
dsp-mutual-fund,Large & Mid Cap,,119218,DSP Large & Mid Cap Fund,DSP Large & Mid Cap Fund,seeded,shortcode,latest,latest
dsp-mutual-fund,Large Cap,,119250,DSP Large Cap Fund,DSP Large Cap Fund,seeded,shortcode,latest,latest
dsp-mutual-fund,MIDCAP,,119071,DSP Midcap Fund,DSP Mid Cap Fund,seeded,shortcode,2026-06,latest
dsp-mutual-fund,MSCI India ETF,,153975,DSP MSCI INDIA ETF,DSP MSCI India ETF,seeded,shortcode,latest,latest
dsp-mutual-fund,Midcap 150 Quality 50 ETF,,149403,DSP Nifty Midcap 150 Quality 50 ETF,DSP NIFTY MIDCAP 150 QUALITY 50 ETF,seeded,shortcode,latest,latest
dsp-mutual-fund,Multi Asset,,152056,DSP Multi Asset Allocation Fund,DSP Multi Asset Fund,seeded,shortcode,latest,latest
dsp-mutual-fund,Multi Asset Omni Fund of Funds,,154167,DSP Multi Asset Omni Fund of Funds,DSP Multi Asset Omni Fund of Funds,seeded,shortcode,latest,latest
dsp-mutual-fund,Multicap Fund,,152310,DSP Multicap Fund,DSP Multicap Fund,seeded,shortcode,latest,latest
dsp-mutual-fund,NIFTY FMCG ETF,,154357,DSP Nifty FMCG ETF,DSP NIFTY FMCG ETF,seeded,shortcode,latest,latest
dsp-mutual-fund,NIFTY MIDCAP 150 Q50,,150428,DSP Nifty Midcap 150 Quality 50 Index Fund,DSP Nifty Midcap 150 Quality 50 Index Fund,seeded,shortcode,latest,latest
dsp-mutual-fund,NIFTY SDL Gsec 2027,,151373,DSP Nifty SDL Plus G - Sec Sep 2027 50:50 Index Fund,DSP Nifty SDL Plus G-Sec Sep 2027 50:50 Index Fund,seeded,shortcode,latest,latest
dsp-mutual-fund,NIFTY50INDEX,,146376,DSP Nifty 50 Index Fund,DSP Nifty 50 Index Fund,seeded,shortcode,2026-06,latest
dsp-mutual-fund,NIFTYNEXT50INDEX,,146381,DSP Nifty Next 50 Index Fund,DSP Nifty Next 50 Index Fund,seeded,shortcode,2026-06,latest
dsp-mutual-fund,NRNEF,,119028,DSP Natural Resources and New Energy Fund,DSP Natural Resources & New Energy Fund,seeded,shortcode,2026-06,latest
dsp-mutual-fund,Nifty 50 ETF,,149392,DSP Nifty 50 ETF,DSP NIFTY 50 ETF,seeded,shortcode,latest,latest
dsp-mutual-fund,Nifty 50 Equal ETF,,149286,DSP Nifty 50 Equal Weight ETF,DSP Nifty 50 Equal Weight ETF,seeded,shortcode,latest,latest
dsp-mutual-fund,Nifty 500 Index,,154088,DSP Nifty 500 Index Fund,DSP Nifty 500 Index Fund,seeded,shortcode,latest,latest
dsp-mutual-fund,Nifty Bank ETF,,151262,DSP Nifty Bank ETF,DSP NIFTY BANK ETF,seeded,shortcode,latest,latest
dsp-mutual-fund,Nifty Bank Index,,152654,DSP Nifty Bank Index Fund,DSP Nifty Bank Index Fund,seeded,shortcode,latest,latest
dsp-mutual-fund,Nifty Healthcare Index,,153594,DSP Nifty Healthcare Index Fund,DSP Nifty Healthcare Index Fund,seeded,shortcode,latest,latest
dsp-mutual-fund,Nifty IT ETF,,151820,DSP Nifty IT ETF,DSP NIFTY IT ETF,seeded,shortcode,latest,latest
dsp-mutual-fund,Nifty IT Index,,153590,DSP Nifty IT Index Fund,DSP Nifty IT Index Fund,seeded,shortcode,latest,latest
dsp-mutual-fund,Nifty Midcap 150 ETF,,154025,DSP Nifty Midcap 150 ETF,DSP Nifty Midcap 150 ETF,seeded,shortcode,latest,latest
dsp-mutual-fund,Nifty Midcap 150 Index,,154014,DSP Nifty Midcap 150 Index Fund,DSP Nifty Midcap 150 Index Fund,seeded,shortcode,latest,latest
dsp-mutual-fund,Nifty Next 50 ETF,,154087,DSP Nifty Next 50 ETF,DSP Nifty Next 50 ETF,seeded,shortcode,latest,latest
dsp-mutual-fund,Nifty PSU Bank ETF,,151888,DSP Nifty PSU Bank ETF,DSP NIFTY PSU BANK ETF,seeded,shortcode,latest,latest
dsp-mutual-fund,Nifty Private Bank ETF,,151887,DSP Nifty Private Bank ETF,DSP Nifty Private Bank ETF,seeded,shortcode,latest,latest
dsp-mutual-fund,Nifty Pvt Bank Index,,153348,DSP Nifty Private Bank Index Fund,DSP Nifty Private Bank Index Fund,seeded,shortcode,latest,latest
dsp-mutual-fund,Nifty SDL GSec 2028,,149970,DSP Nifty SDL Plus G - Sec Jun 2028 30:70 Index Fund,DSP NIFTY SDL PLUS G-SEC JUN 2028 30:70 INDEX FUND,seeded,shortcode,latest,latest
dsp-mutual-fund,Nifty Smallcap 250 ETF,,154024,DSP Nifty Smallcap 250 ETF,DSP Nifty Smallcap 250 ETF,seeded,shortcode,latest,latest
dsp-mutual-fund,Nifty Smallcap 250 Index,,154018,DSP Nifty Smallcap 250 Index Fund,DSP Nifty Smallcap 250 Index Fund,seeded,shortcode,latest,latest
dsp-mutual-fund,Nifty Smallcap250 Quality 50,,152243,DSP Nifty Smallcap250 Quality 50 Index Fund,DSP Nifty Smallcap 250 Quality 50 Index Fund,seeded,shortcode,latest,latest
dsp-mutual-fund,Nifty Top 10 Equal,,152814,DSP Nifty Top 10 Equal Weight Index Fund,DSP Nifty Top 10 Equal Weight Index Fund,seeded,shortcode,latest,latest
dsp-mutual-fund,Nifty Top 10 Equal ETF,,152812,DSP Nifty Top 10 Equal Weight ETF,DSP Nifty Top 10 Equal Weight ETF,seeded,shortcode,latest,latest
dsp-mutual-fund,Nifty500 Flexicap Qlty30,,153801,DSP Nifty500 Flexicap Quality 30 Index Fund,DSP Nifty500 Flexicap Quality 30 Index Fund,seeded,shortcode,latest,latest
dsp-mutual-fund,Nifty500 Flexicap Qlty30 ETF,,153874,DSP Nifty500 Flexicap Quality 30 ETF,DSP Nifty500 Flexicap Quality 30 ETF,seeded,shortcode,latest,latest
dsp-mutual-fund,OVERNIGHT,,146062,DSP Overnight Fund,DSP Overnight Fund,seeded,shortcode,2026-06,latest
dsp-mutual-fund,REGULARSAVINGS,,118994,DSP Savings Fund,DSP Regular Savings Fund,seeded,shortcode,2026-06,latest
dsp-mutual-fund,SAVINGS,,118994,DSP Savings Fund,DSP Savings Fund,seeded,shortcode,2026-06,latest
dsp-mutual-fund,SILVER ETF,,150523,DSP Silver ETF,DSP SILVER ETF,seeded,shortcode,latest,latest
dsp-mutual-fund,SMALLCAP,,119212,DSP Small Cap Fund,DSP Small Cap Fund,seeded,shortcode,2026-06,latest
dsp-mutual-fund,SR 264 - 60M - 17D,,149190,DSP FMP Series - 264 - 60M - 17D,DSP FMP Series 264 - 60M - 17D,seeded,shortcode,latest,latest
dsp-mutual-fund,STR,,119239,DSP Strategic Bond Fund,DSP Strategic Bond Fund,seeded,shortcode,2026-06,latest
dsp-mutual-fund,Sensex Next 30 ETF,,153228,DSP BSE SENSEX Next 30 ETF,DSP BSE Sensex Next 30 ETF,seeded,shortcode,latest,latest
dsp-mutual-fund,Sensex Next 30 Index,,153219,DSP BSE SENSEX Next 30 Index Fund,DSP BSE Sensex Next 30 Index Fund,seeded,shortcode,latest,latest
dsp-mutual-fund,Silver ETF FOF,,153487,DSP Silver ETF Fund of Fund,DSP Silver ETF Fund of Fund,seeded,shortcode,latest,latest
dsp-mutual-fund,TAX,,119242,DSP ELSS Tax Saver Fund,DSP ELSS Tax Saver Fund,seeded,shortcode,2026-06,latest
dsp-mutual-fund,TIGER,,119247,DSP India T.I.G.E.R. Fund,DSP India T.I.G.E.R. Fund,seeded,name_match,latest,latest
dsp-mutual-fund,ULTRA,,119205,DSP Ultra Short Fund,DSP Ultra Short Fund,seeded,shortcode,2026-06,latest
dsp-mutual-fund,US Debt Passive FoF,,152528,DSP US Specific Debt Passive FoF,DSP US Specific Debt Passive FoF,seeded,shortcode,latest,latest
dsp-mutual-fund,US Specific Equity FoF,,119252,DSP US Specific Equity Omni FoF,DSP US Specific Equity Omni FoF,seeded,shortcode,latest,latest
dsp-mutual-fund,World Gold Mining FOF,,119277,DSP World Gold Mining Overseas Equity Omni FoF,DSP World Gold Mining Overseas Equity Omni FoF,seeded,shortcode,latest,latest
dsp-mutual-fund,World Mining FOF,,119279,DSP World Mining Overseas Equity Omni FoF,DSP World Mining Overseas Equity Omni FoF,seeded,shortcode,latest,latest
edelweiss-mutual-fund,EDACBF,,140237,Edelweiss Money Market Fund,Edelweiss Money Market Fund,seeded,shortcode,2026-06,latest
edelweiss-mutual-fund,EDBE30,,147849,Bharat Bond ETF - April 2030,Bharat Bond ETF - April 2030,seeded,shortcode,2026-07,2026-07
edelweiss-mutual-fund,EDBE31,,148445,BHARAT Bond ETF - April 2031,BHARAT Bond ETF - April 2031,seeded,shortcode,2026-07,2026-07
edelweiss-mutual-fund,EDBE32,,149398,BHARAT Bond ETF - April 2032,BHARAT Bond ETF - April 2032,seeded,shortcode,2026-07,2026-07
edelweiss-mutual-fund,EDBE33,,150987,BHARAT Bond ETF - April 2033,BHARAT Bond ETF - April 2033,seeded,shortcode,2026-06,2026-07
edelweiss-mutual-fund,EDBPDF,,140286,Edelweiss Banking and PSU Debt Fund,Edelweiss Banking and PSU Debt Fund,seeded,shortcode,2026-06,latest
edelweiss-mutual-fund,EDCF27,,153335,Edelweiss CRISIL IBX AAA Bond NBFC HFC Jun 2027 Index Fund,Edelweiss CRISIL-IBX AAA Bond NBFC-HFC - Jun 2027 Index Fund,seeded,shortcode,2026-06,latest
edelweiss-mutual-fund,EDCF28,,153115,Edelweiss CRISIL IBX AAA Financial Services - Jan 2028 Index Fund,Edelweiss CRISIL IBX AAA Financial Services Bond – Jan 2028 Index Fund,seeded,shortcode,2026-06,latest
edelweiss-mutual-fund,EDCG27,,150727,Edelweiss CRISIL IBX 50:50 Gilt Plus SDL June 2027 Index Fund,Edelweiss CRISIL IBX 50 50 Gilt Plus SDL June 2027 Index Fund,seeded,shortcode,2026-06,latest
edelweiss-mutual-fund,EDCG28,,150807,Edelweiss CRISIL IBX 50:50 Gilt Plus SDL Sep 2028 Index Fund,Edelweiss_CRISIL_IBX 50 50 Gilt Plus SDL Sep 2028 Index Fund,seeded,shortcode,2026-06,latest
edelweiss-mutual-fund,EDCG37,,150671,Edelweiss CRISIL IBX 50:50 Gilt Plus SDL April 2037 Index Fund,Edelweiss_CRISIL IBX 50 50 Gilt Plus SDL April 2037 Index Fund,seeded,shortcode,2026-06,latest
edelweiss-mutual-fund,EDCSDF,,151365,Edelweiss CRISIL IBX 50:50 Gilt Plus SDL Short Duration Index fund,EDELWEISS CRISIL IBX 50:50 GILT PLUS SDL SHORT DURATION INDEX FUND,seeded,shortcode,2026-06,latest
edelweiss-mutual-fund,EDFF30,,147857,Bharat Bond FOF - April 2030,Bharat Bond FOF - April 2030,seeded,shortcode,2026-07,2026-07
edelweiss-mutual-fund,EDFF31,,148450,BHARAT Bond FOF - April 2031,BHARAT Bond FOF - April 2031,seeded,shortcode,2026-07,2026-07
edelweiss-mutual-fund,EDFF32,,149401,BHARAT Bond ETF FOF - April 2032,BHARAT Bond ETF FOF - April 2032,seeded,shortcode,2026-07,2026-07
edelweiss-mutual-fund,EDFF33,,150989,BHARAT Bond ETF FOF - April 2033,BHARAT Bond ETF FOF - April 2033,seeded,shortcode,2026-06,2026-07
edelweiss-mutual-fund,EDGSEC,,140298,Edelweiss Government Securities Fund,Edelweiss Government Securities Fund,seeded,shortcode,2026-06,latest
edelweiss-mutual-fund,EDLDUF,,153416,Edelweiss Low Duration Fund,Edelweiss Low Duration Fund,seeded,shortcode,2026-06,latest
edelweiss-mutual-fund,EDN1LE,,153920,Edelweiss Nifty 1D Rate Liquid ETF - Growth,Edelweiss Nifty 1D Rate Liquid ETF,seeded,shortcode,2026-06,latest
edelweiss-mutual-fund,EDNP27,,149247,Edelweiss NIFTY PSU Bond Plus SDL Apr 2027 50:50 Index Fund,EDELWEISS NIFTY PSU BOND PLUS SDL APR 2027 50 50 INDEX,seeded,shortcode,2026-06,latest
edelweiss-mutual-fund,EDONTF,,147570,Edelweiss Overnight Fund,EDELWEISS OVERNIGHT FUND,seeded,shortcode,2026-06,latest
edelweiss-mutual-fund,EEALVF,,152616,Edelweiss Nifty Alpha Low Volatility 30 Index Fund,Edelweiss Nifty Alpha Low Volatility 30 Index Fund,seeded,shortcode,2026-06,latest
edelweiss-mutual-fund,EEARBF,,130206,Edelweiss Arbitrage Fund,Edelweiss Arbitrage Fund,seeded,shortcode,2026-06,latest
edelweiss-mutual-fund,EEARFD,,118615,Edelweiss Balanced Advantage Fund,Edelweiss Balanced Advantage Fund,seeded,shortcode,2026-06,latest
edelweiss-mutual-fund,EEBCIE,,153180,Edelweiss BSE Capital Markets & Insurance ETF - Growth,Edelweiss BSE Capital Markets & Insurance ETF,seeded,shortcode,2026-06,latest
edelweiss-mutual-fund,EEBCYF,,152710,Edelweiss Business Cycle Fund,Edelweiss Business Cycle Fund,seeded,shortcode,2026-06,latest
edelweiss-mutual-fund,EEBIEF,,153497,Edelweiss BSE Internet Economy Index Fund,Edelweiss BSE Internet Economy Index Fund,seeded,shortcode,2026-06,latest
edelweiss-mutual-fund,EEBSDE,,154535,Edelweiss BSE LargeMid (60:40) Stable dividend 50 ETF,Edelweiss BSE LargeMid (60:40) Stable dividend 50 ETF,seeded,shortcode,2026-07,2026-07
edelweiss-mutual-fund,EEBTBE,,154524,Edelweiss BSE Top 10 Bank ETF,Edelweiss BSE Top 10 Bank ETF,seeded,shortcode,2026-07,2026-07
edelweiss-mutual-fund,EECONF,,153214,Edelweiss Consumption Fund,Edelweiss Consumption Fund,seeded,shortcode,2026-06,latest
edelweiss-mutual-fund,EEDGEF,,118617,Edelweiss Large Cap Fund,Edelweiss Large Cap Fund,seeded,shortcode,2026-06,latest
edelweiss-mutual-fund,EEECRF,,140353,Edelweiss Flexi Cap Fund,Edelweiss Flexi-Cap Fund,seeded,shortcode,2026-06,latest
edelweiss-mutual-fund,EEELSS,,118620,Edelweiss ELSS Tax Saver Fund,Edelweiss ELSS Tax saver Fund,seeded,shortcode,2026-06,latest
edelweiss-mutual-fund,EEEQTF,,140175,Edelweiss Large & Mid Cap Fund,Edelweiss Large & Mid Cap Fund,seeded,shortcode,2026-06,latest
edelweiss-mutual-fund,EEESCF,,146196,Edelweiss Small Cap Fund,Edelweiss Small Cap Fund,seeded,shortcode,2026-06,latest
edelweiss-mutual-fund,EEESSF,,140347,Edelweiss Equity Savings Fund,Edelweiss Equity Savings Fund,seeded,shortcode,2026-06,latest
edelweiss-mutual-fund,EEFINS,,154108,Edelweiss Financial Services Fund,Edelweiss Financial Services Fund,seeded,shortcode,2026-06,latest
edelweiss-mutual-fund,EEFOCF,,150376,Edelweiss Focused Fund,Edelweiss Focused Fund,seeded,shortcode,2026-06,latest
edelweiss-mutual-fund,EEIAFF,,153714,Edelweiss Income Plus Arbitrage Active Fund of Fund,Edelweiss Income Plus Arbitrage Omni Fund of Fund,seeded,shortcode,2026-06,latest
edelweiss-mutual-fund,EEIF30,,149254,Edelweiss Nifty 100 Quality 30 Index Fund,Edelweiss Nifty 100 Quality 30 Index Fnd,seeded,shortcode,2026-06,latest
edelweiss-mutual-fund,EEIF50,,149250,Edelweiss Nifty 50 Index Fund,Edelweiss Nifty 50 Index Fund,seeded,shortcode,2026-06,latest
edelweiss-mutual-fund,EELMFE,,153841,Edelweiss Nifty LargeMidcap 250 ETF - Growth,Edelweiss Nifty LargeMidcap250 ETF,seeded,shortcode,2026-06,latest
edelweiss-mutual-fund,EELMIF,,149343,Edelweiss NIFTY Large Midcap 250 Index Fund,Edelweiss NIFTY Large Mid Cap 250 Index Fund,seeded,shortcode,2026-06,latest
edelweiss-mutual-fund,EEM150,,150902,Edelweiss Nifty Midcap150 Momentum 50 Index Fund,Edelweiss Nifty Midcap150 Momentum 50 Index Fund,seeded,shortcode,2026-06,latest
edelweiss-mutual-fund,EEMAAF,,151792,Edelweiss Multi Asset Allocation Fund,Edelweiss Multi Asset Allocation Fund,seeded,shortcode,2026-06,latest
edelweiss-mutual-fund,EEMCPF,,152094,Edelweiss Multi Cap Fund,Edelweiss Multi Cap Fund,seeded,shortcode,2026-06,latest
edelweiss-mutual-fund,EEMMQE,,152981,Edelweiss Nifty500 Multicap Momentum Quality 50 ETF - Growth,Edelweiss Nifty500 Multicap Momentum Quality 50 ETF,seeded,shortcode,2026-06,latest
edelweiss-mutual-fund,EEMMQI,,152985,Edelweiss Nifty500 Multicap Momentum Quality 50 Index Fund,Edelweiss Nifty500 Multicap Momentum Quality 50 Index Fund,seeded,shortcode,2026-06,latest
edelweiss-mutual-fund,EEMOF1,,142388,Edelweiss Recently Listed IPO Fund,EDELWEISS RECENTLY LISTED IPO FUND,seeded,shortcode,2026-06,latest
edelweiss-mutual-fund,EEMOFF,,153776,Edelweiss Multi Asset Omni Fund of Fund,Edelweiss Multi Asset Omni Fund of Fund,seeded,shortcode,2026-06,latest
edelweiss-mutual-fund,EEN50E,,153966,Edelweiss Nifty 50 ETF - Growth,Edelweiss Nifty 50 ETF,seeded,shortcode,2026-06,latest
edelweiss-mutual-fund,EENBEF,,152857,Edelweiss Nifty Bank ETF - Growth,Edelweiss Nifty Bank ETF,seeded,shortcode,2026-06,latest
edelweiss-mutual-fund,EENLMG,,154310,Edelweiss Nifty LargeMidcap 250 Plus 8 - 13 yr G - Sec 70,Edelweiss Nifty LargeMidcap250 Plus 8 13 yr G-Sec 70 30 Index Fund,seeded,shortcode,2026-06,latest
edelweiss-mutual-fund,EENMET,,154461,Edelweiss Nifty Metal ETF,Edelweiss Nifty Metal ETF,seeded,shortcode,2026-07,2026-07
edelweiss-mutual-fund,EENN50,,150899,Edelweiss Nifty Next 50 Index Fund,Edelweiss Nifty Next 50 Index Fund,seeded,shortcode,2026-06,latest
edelweiss-mutual-fund,EEPRUA,,118624,Edelweiss Aggressive Hybrid Fund,Edelweiss Aggressive Hybrid Fund,seeded,shortcode,2026-06,latest
edelweiss-mutual-fund,EES250,,150892,Edelweiss Nifty Smallcap 250 Index Fund,Edelweiss Nifty Smallcap 250 Index Fund,seeded,shortcode,2026-06,latest
edelweiss-mutual-fund,EES30E,,153947,Edelweiss BSE Sensex ETF - Growth,Edelweiss BSE Sensex ETF,seeded,shortcode,2026-06,latest
edelweiss-mutual-fund,EESMCF,,140228,Edelweiss Mid Cap Fund,Edelweiss Mid Cap Fund,seeded,shortcode,2026-06,latest
edelweiss-mutual-fund,EETECF,,152437,Edelweiss Technology Fund,Edelweiss Technology Fund,seeded,shortcode,2026-06,latest
edelweiss-mutual-fund,EEX50E,,154347,Edelweiss Nifty Next 50 ETF,Edelweiss Nifty Next 50 ETF,seeded,shortcode,2026-06,latest
edelweiss-mutual-fund,EGEFOF,,154208,Edelweiss Gold ETF Fund of Fund,Edelweiss Gold ETF FoF,seeded,shortcode,2026-06,latest
edelweiss-mutual-fund,EGOLDE,,152193,Edelweiss Gold ETF,Edelweiss Gold ETF Fund,seeded,shortcode,2026-06,latest
edelweiss-mutual-fund,EGSFOF,,150581,Edelweiss Gold and Silver ETF FOF,Edelweiss Gold and Silver ETF FOF,seeded,shortcode,2026-06,latest
edelweiss-mutual-fund,ELLIQF,,140196,Edelweiss Liquid Fund,Edelweiss Liquid Fund,seeded,shortcode,2026-06,latest
edelweiss-mutual-fund,EOASEF,,140256,Edelweiss ASEAN Equity Off - shore Fund,Edelweiss ASEAN Equity Off-shore Fund,seeded,shortcode,2026-06,latest
edelweiss-mutual-fund,EOCHIF,,140243,Edelweiss Greater China Equity Off - shore Fund,Edelweiss Greater China Equity Off-shore Fund,seeded,shortcode,2026-06,latest
edelweiss-mutual-fund,EODWHF,,148555,Edelweiss MSCI India Domestic & World Healthcare 45 Index Fund,EDELWEISS MSCI INDIA DOMESTIC & WORLD HEALTHCARE 45 INDEX,seeded,shortcode,2026-06,latest
edelweiss-mutual-fund,EOEDOF,,140296,Edelweiss Europe Dynamic Equity Offshore Fund,EDELWEISS EUROPE DYNAMIC EQUITY OFF-SHORE FUND,seeded,shortcode,2026-06,latest
edelweiss-mutual-fund,EOEMOP,,140327,Edelweiss Emerging Markets Opportunities Equity Offshore Fund,EDELWEISS EMERGING MARKETS OPPORTUNITIES EQUITY OFF-SHORE FUND,seeded,shortcode,2026-06,latest
edelweiss-mutual-fund,EOUSEF,,140274,Edelweiss US Value Equity Offshore Fund,Edelweiss US Value Equity Off-shore Fund,seeded,shortcode,2026-06,latest
edelweiss-mutual-fund,EOUSTF,,148063,Edelweiss US Technology Equity Fund of Fund,EDELWEISS US TECHNOLOGY EQUITY FOF,seeded,shortcode,2026-06,latest
edelweiss-mutual-fund,ESEFOF,,154072,Edelweiss Silver ETF Fund of Fund,Edelweiss Silver ETF Fund of Fund,seeded,shortcode,2026-06,latest
edelweiss-mutual-fund,ESLVRE,,152212,Edelweiss Silver ETF,Edelweiss Silver ETF Fund,seeded,shortcode,2026-06,latest
franklin-templeton-mutual-fund,FAEF,,118559,Franklin Asian Equity Fund,Franklin Asian Equity Fund,seeded,shortcode,2026-06,latest
franklin-templeton-mutual-fund,FBIF,,118557,Franklin Build India Fund,Franklin Build India Fund,seeded,shortcode,2026-06,latest
franklin-templeton-mutual-fund,FBPF,,129008,Franklin India Banking & PSU Debt Fund,Franklin India Banking & PSU Debt Fund,seeded,shortcode,2026-06,latest
franklin-templeton-mutual-fund,FF,,118543,Franklin India Dynamic Asset Allocation Active Fund Of Funds,Franklin India Dynamic Asset Allocation Active Fund of Funds,seeded,shortcode,latest,latest
franklin-templeton-mutual-fund,FIAF,,153043,Franklin India Arbitrage Fund,Franklin India Arbitrage Fund,seeded,shortcode,2026-06,latest
franklin-templeton-mutual-fund,FIAHF,,118546,Franklin India Aggressive Hybrid Fund,Franklin India Aggressive Hybrid Fund,seeded,shortcode,2026-06,latest
franklin-templeton-mutual-fund,FIBAF,,150481,Franklin India Balanced Advantage Fund,Franklin India Balanced Advantage Fund,seeded,shortcode,2026-06,latest
franklin-templeton-mutual-fund,FICDF,,118569,Franklin India Corporate Debt Fund,Franklin India Corporate Debt Fund,seeded,shortcode,2026-06,latest
franklin-templeton-mutual-fund,FICHF,,118574,Franklin India Conservative Hybrid Fund,Franklin India Conservative Hybrid Fund,seeded,shortcode,2026-06,latest
franklin-templeton-mutual-fund,FICRF,,148304,Franklin India Credit Risk Fund - Segregated Portfolio 3 (9.50% Yes bank Ltd CO 23Dec21,Franklin India Credit Risk Fund - Segregated Portfolio 3 - 9.50% Yes Bank Ltd CO 23 Dec 2021,seeded,shortcode,2026-06,latest
franklin-templeton-mutual-fund,FIDA,,148308,Franklin India Dynamic Accrual Fund - Segregated Portfolio 3 (9.50% Yes Bank Ltd CO 23Dec21,Franklin India Dynamic Accrual Fund - Segregated Portfolio 3 - 9.50% Yes Bank Ltd CO 23 Dec 2021,seeded,shortcode,2026-06,latest
franklin-templeton-mutual-fund,FIDYF,,118527,Franklin India Dividend Yield Fund,Franklin India Dividend Yield Fund,seeded,shortcode,2026-06,latest
franklin-templeton-mutual-fund,FIEF,,118535,Franklin India Flexi Cap Fund,Franklin India Flexi Cap Fund,seeded,shortcode,2026-06,latest
franklin-templeton-mutual-fund,FIESF,,144466,Franklin India Equity Savings Fund,Franklin India Equity Savings Fund,seeded,shortcode,2026-06,latest
franklin-templeton-mutual-fund,FIFEF,,118564,Franklin India Focused Equity Fund,Franklin India Focused Equity Fund,seeded,shortcode,2026-06,latest
franklin-templeton-mutual-fund,FIFRF,,118508,Franklin India Floating Rate Fund,Franklin India Floating Rate Fund,seeded,shortcode,2026-06,latest
franklin-templeton-mutual-fund,FIGSF,,118498,Franklin India Government Securities Fund,Franklin India Government Securities Fund,seeded,shortcode,2026-06,latest
franklin-templeton-mutual-fund,FIIF-NSE,,118581,Franklin India INDEX FUND - NSE NIFTY 50 INDEX FUND,Franklin India NSE Nifty 50 Index Fund,seeded,shortcode,latest,latest
franklin-templeton-mutual-fund,FILCF,,118531,Franklin India Large Cap Fund,Franklin India Large Cap Fund,seeded,shortcode,2026-06,latest
franklin-templeton-mutual-fund,FILF,,100538,Franklin India Liquid Fund,Franklin India Liquid Fund,seeded,shortcode,2026-06,latest
franklin-templeton-mutual-fund,FILMCF,,118510,Franklin India Large & Mid Cap Fund,Franklin India Large & Mid Cap Fund,seeded,shortcode,2026-06,latest
franklin-templeton-mutual-fund,FILNGDF,,153102,Franklin India Long Duration Fund,Franklin India Long Duration Fund,seeded,shortcode,2026-06,latest
franklin-templeton-mutual-fund,FILWD,,153368,Franklin India Low Duration Fund,Franklin India Low Duration Fund,seeded,shortcode,2026-06,latest
franklin-templeton-mutual-fund,FIMAAF,,153731,Franklin India Multi Asset Allocation Fund,Franklin India Multi Asset Allocation Fund,seeded,shortcode,2026-06,latest
franklin-templeton-mutual-fund,FIMCF,,152739,Franklin India Multi Cap Fund,Franklin India Multi Cap Fund,seeded,shortcode,2026-06,latest
franklin-templeton-mutual-fund,FIMF,,153942,Franklin India Multi - Factor Fund,Franklin India Multi-Factor Fund,seeded,shortcode,2026-06,latest
franklin-templeton-mutual-fund,FIMICF,,118533,Franklin India Mid Cap Fund,Franklin India Mid Cap Fund,seeded,shortcode,2026-06,latest
franklin-templeton-mutual-fund,FIMLDF,,152851,Franklin India Medium to Long Duration Fund,Franklin India Medium to Long Duration Fund,seeded,shortcode,2026-06,latest
franklin-templeton-mutual-fund,FIMMF,,118506,Franklin India Money Market Fund,Franklin India Money Market Fund,seeded,shortcode,2026-06,latest
franklin-templeton-mutual-fund,FIOF,,118539,Franklin India Opportunities Fund,Franklin India Opportunities Fund,seeded,shortcode,2026-06,latest
franklin-templeton-mutual-fund,FIONF,,147214,Franklin India Overnight Fund,Franklin India Overnight Fund,seeded,shortcode,2026-06,latest
franklin-templeton-mutual-fund,FIPAF,,132989,Franklin India Income Plus Arbitrage Active Fund of Funds,Franklin India Income Plus Arbitrage Active Fund of Funds,seeded,shortcode,2026-06,latest
franklin-templeton-mutual-fund,FIRF,,118548,Franklin India Retirement Fund,Franklin India Retirement Fund,seeded,shortcode,2026-06,latest
franklin-templeton-mutual-fund,FISCF,,118525,Franklin India Small Cap Fund,Franklin India Small Cap Fund,seeded,shortcode,2026-06,latest
franklin-templeton-mutual-fund,FISTIP,,148314,Franklin India Short Term Income - Segregated Portfolio 3 (9.50% Yes Bank Ltd CO 23Dec21,Franklin India Short Term Income Plan - Segregated Portfolio 3 - 9.50% Yes Bank Ltd CO 23 Dec 2021,seeded,shortcode,2026-06,latest
franklin-templeton-mutual-fund,FITF,,118537,Franklin India Technology Fund,Franklin India Technology Fund,seeded,shortcode,2026-06,latest
franklin-templeton-mutual-fund,FITX,,118540,Franklin India ELSS Tax Saver Fund,Franklin India ELSS Tax Saver Fund,seeded,shortcode,2026-06,latest
franklin-templeton-mutual-fund,FIUS,,118551,Franklin U.S. Opportunities Equity Active Fund of Funds,Franklin U.S. Opportunities Equity Active Fund of Funds,seeded,shortcode,2026-06,latest
franklin-templeton-mutual-fund,FIUSDF,,152825,Franklin India Ultra Short Duration Fund,Franklin India Ultra Short Duration Fund,seeded,shortcode,2026-06,latest
franklin-templeton-mutual-fund,TIVF,,118494,Templeton India Value Fund,Templeton India Value Fund,seeded,shortcode,2026-06,latest
groww-mutual-fund,2E,IB33,153329,Groww Nifty 200 ETF,GROWW NIFTY 200 ETF,seeded,shortcode,2026-06,latest
groww-mutual-fund,2F,IB34,153328,Groww Nifty 200 ETF FOF,Groww Nifty 200 ETF FOF,seeded,shortcode,2026-06,latest
groww-mutual-fund,3E,IB35,153452,Groww Nifty 500 Momentum 50 ETF,Groww Nifty 500 Momentum 50 ETF,seeded,shortcode,2026-06,latest
groww-mutual-fund,3F,IB36,153453,Groww Nifty 500 Momentum 50 ETF FOF,Groww Nifty 500 Momentum 50 ETF FOF,seeded,shortcode,2026-06,latest
groww-mutual-fund,4E,IB38,153524,Groww Silver ETF,Groww Silver ETF,seeded,shortcode,2026-06,latest
groww-mutual-fund,4F,IB39,153525,Groww Silver ETF FOF,Groww Silver ETF FOF,seeded,shortcode,2026-06,latest
groww-mutual-fund,5E,IB40,153583,Groww Nifty 500 Low Volatility 50 ETF,Groww Nifty 500 Low Volatility 50 ETF,seeded,shortcode,2026-06,latest
groww-mutual-fund,6E,IB41,153625,Groww Nifty India Internet ETF,Groww Nifty India Internet ETF,seeded,shortcode,2026-06,latest
groww-mutual-fund,6F,IB42,153626,Groww Nifty India Internet ETF FOF,Groww Nifty India Internet ETF FOF,seeded,shortcode,2026-06,latest
groww-mutual-fund,7E,IB44,153699,Groww Nifty 50 ETF,Groww Nifty 50 ETF,seeded,shortcode,2026-06,latest
groww-mutual-fund,7F,IB43,153704,Groww Nifty 50 Index Fund,Groww Nifty 50 Index Fund,seeded,shortcode,2026-06,latest
groww-mutual-fund,8E,IB45,153744,Groww BSE Power ETF,Groww BSE Power ETF,seeded,shortcode,2026-06,latest
groww-mutual-fund,8F,IB46,153745,Groww BSE Power ETF FOF,Groww BSE Power ETF FOF,seeded,shortcode,2026-06,latest
groww-mutual-fund,9E,IB47,153785,Groww Nifty Next 50 ETF,Groww Nifty Next 50 ETF,seeded,shortcode,2026-06,latest
groww-mutual-fund,9F,IB48,153786,Groww Nifty Next 50 Index Fund,Groww Nifty Next 50 Index Fund,seeded,shortcode,2026-06,latest
groww-mutual-fund,AR,IB67,154320,Groww Arbitrage Fund,Groww Arbitrage Fund,seeded,shortcode,2026-06,latest
groww-mutual-fund,BC,IB01,119133,Groww Largecap Fund,Groww Large Cap Fund,seeded,shortcode,2026-06,latest
groww-mutual-fund,BS,IB19,152254,Groww Banking & Financial Services Fund,Groww Banking & Financial Services Fund,seeded,shortcode,2026-06,latest
groww-mutual-fund,DB,IB05,145589,Groww Dynamic Term Fund,Groww Dynamic Term Fund,seeded,shortcode,2026-06,latest
groww-mutual-fund,DE,IB25,152845,Groww Nifty India Defence ETF,Groww Nifty India Defence ETF,seeded,shortcode,2026-06,latest
groww-mutual-fund,DF,IB26,152925,Groww Nifty India Defence ETF FOF,Groww Nifty India Defence ETF FOF,seeded,shortcode,2026-06,latest
groww-mutual-fund,EE,IB23,152764,GROWW NIFTY EV & NEW AGE AUTOMOTIVE ETF,GROWW NIFTY EV & NEW AGE AUTOMOTIVE ETF,seeded,shortcode,2026-06,latest
groww-mutual-fund,EH,IB03,145599,Groww Aggressive Hybrid Fund,Groww Aggressive Hybrid Fund,seeded,shortcode,2026-06,latest
groww-mutual-fund,EV,IB22,152770,Groww Nifty EV & New Age Automotive ETF FOF,Groww Nifty EV & New Age Automotive ETF FOF,seeded,shortcode,2026-06,latest
groww-mutual-fund,GE,IB27,152957,Groww Gold ETF,GROWW Gold ETF,seeded,shortcode,2026-06,latest
groww-mutual-fund,GG,IB28,152980,Groww Gold ETF FOF,Groww Gold ETF FOF,seeded,shortcode,2026-06,latest
groww-mutual-fund,GL,IB37,153477,Groww Gilt Fund,Groww Gilt Fund,seeded,shortcode,2026-06,latest
groww-mutual-fund,LE,IB24,152891,Groww Nifty 1D Rate Liquid ETF,GROWW NIFTY 1D Rate Liquid ETF,seeded,shortcode,2026-06,latest
groww-mutual-fund,LF,IB02,119135,Groww Liquid Fund,Groww Liquid Fund,seeded,shortcode,2026-06,latest
groww-mutual-fund,MA,IB49,153821,Groww Multi Asset Allocation Fund,Groww Multi Asset Allocation Fund,seeded,shortcode,2026-06,latest
groww-mutual-fund,MM,IB55,153982,Groww Money Market Fund,Groww Money Market Fund,seeded,shortcode,2026-06,latest
groww-mutual-fund,MU,IB29,153034,Groww Multicap Fund,Groww Multicap Fund,seeded,shortcode,2026-06,latest
groww-mutual-fund,NC,IB21,152637,Groww Nifty Non - Cyclical Consumer Index Fund,Groww Nifty Non-Cyclical Consumer Index Fund,seeded,shortcode,2026-06,latest
groww-mutual-fund,NI,IB18,152092,Groww Nifty Total Market Index Fund,Groww Nifty Total Market Index Fund,seeded,shortcode,2026-06,latest
groww-mutual-fund,NS,IB20,152431,Groww Nifty Smallcap 250 Index Fund,Groww Nifty Smallcap 250 Index Fund,seeded,shortcode,2026-06,latest
groww-mutual-fund,OF,IB16,147450,Groww Overnight Fund,Groww Overnight Fund,seeded,shortcode,2026-06,latest
groww-mutual-fund,RE,IB32,153229,Groww Nifty India Railways PSU ETF,Groww Nifty India Railways PSU ETF,seeded,shortcode,2026-06,latest
groww-mutual-fund,RI,IB31,153230,Groww Nifty India Railways PSU Index Fund,Groww Nifty India Railways PSU Index Fund,seeded,shortcode,2026-06,latest
groww-mutual-fund,SC,IB60,154063,Groww Small Cap Fund,Groww Small Cap Fund,seeded,shortcode,2026-06,latest
groww-mutual-fund,ST,IB10,123704,Groww Short Term Fund,Groww Short Term Fund,seeded,shortcode,2026-06,latest
groww-mutual-fund,TS,IB11,141808,Groww ELSS Tax Saver Fund,Groww ELSS Tax Saver Fund,seeded,shortcode,2026-06,latest
groww-mutual-fund,VD,IB13,135341,Groww Value Fund,Groww Value Fund,seeded,shortcode,2026-06,latest
groww-mutual-fund,XA,IB50,153899,Groww Nifty Realty ETF,Groww Nifty Realty ETF,seeded,shortcode,2026-06,latest
groww-mutual-fund,XB,IB51,153907,Groww Nifty Capital Markets ETF,Groww Nifty Capital Markets ETF,seeded,shortcode,2026-06,latest
groww-mutual-fund,XC,IB52,153923,Groww Nifty Smallcap250 ETF,Groww Nifty Smallcap 250 ETF,seeded,shortcode,2026-06,latest
groww-mutual-fund,XD,IB53,153940,Groww Nifty Midcap 150 ETF,Groww Nifty Midcap 150 ETF,seeded,shortcode,2026-06,latest
groww-mutual-fund,XE,IB57,154034,Groww Nifty Metal ETF,Groww Nifty Metal ETF,seeded,shortcode,2026-06,latest
groww-mutual-fund,XF,IB59,154111,Groww Nifty Chemicals ETF,Groww Nifty Chemicals ETF,seeded,shortcode,2026-06,latest
groww-mutual-fund,XG,IB61,154163,Groww Nifty PSE ETF,Groww Nifty PSE ETF,seeded,shortcode,2026-06,latest
groww-mutual-fund,XH,IB63,154199,Groww BSE Hospitals ETF,Groww BSE Hospitals ETF,seeded,shortcode,2026-06,latest
groww-mutual-fund,XI,IB66,154277,Groww Nifty PSU Bank ETF,Groww Nifty PSU Bank ETF,seeded,shortcode,2026-06,latest
groww-mutual-fund,XJ,IB68,154345,Groww Nifty Private Bank ETF,Groww Nifty Private Bank ETF,seeded,shortcode,2026-06,latest
groww-mutual-fund,XK,IB70,154384,Groww Nifty Smallcap 250 Momentum Quality 100 ETF,Groww Nifty Smallcap 250 Momentum Quality 100 ETF,seeded,shortcode,2026-06,latest
groww-mutual-fund,XL,IB72,154476,Groww Nifty Cements ETF,Groww Nifty Cements ETF,seeded,shortcode,2026-07,latest
groww-mutual-fund,YB,IB56,153908,Groww Nifty Capital Markets ETF FOF,Groww Nifty Capital Markets ETF FOF,seeded,shortcode,2026-06,latest
groww-mutual-fund,YD,IB54,153939,Groww Nifty Midcap 150 Index Fund,Groww Nifty Midcap 150 Index Fund,seeded,shortcode,2026-06,latest
groww-mutual-fund,YE,IB58,154028,Groww Multi Asset Omni FOF,Groww Multi Asset Omni FOF,seeded,shortcode,2026-06,latest
groww-mutual-fund,YG,IB62,154164,Groww Nifty PSE ETF FOF,Groww Nifty PSE ETF FOF,seeded,shortcode,2026-06,latest
groww-mutual-fund,YH,IB64,154200,Groww BSE Hospitals ETF FOF,Groww BSE Hospitals ETF FOF,seeded,shortcode,2026-06,latest
groww-mutual-fund,YI,IB65,154278,Groww Nifty PSU Bank Index Fund,Groww Nifty PSU Bank Index Fund,seeded,shortcode,2026-06,latest
groww-mutual-fund,YJ,IB69,154346,Groww Nifty Private Bank Index Fund,Groww Nifty Private Bank Index Fund,seeded,shortcode,2026-06,latest
groww-mutual-fund,YK,IB71,154383,Groww Nifty Smallcap 250 Momentum Quality 100 Index Fund,Groww Nifty Smallcap 250 Momentum Quality 100 Index Fund,seeded,shortcode,2026-06,latest
hdfc-mutual-fund,DERIVATIVEMY2005,,119131,HDFC Multi - Asset Fund,HDFC Multi Asset Fund,seeded,name_match,latest,latest
hdfc-mutual-fund,DerivativeHDFC Balanced Advanta,,118968,HDFC Balanced Advantage Fund,HDFC Balanced Advantage Fund,seeded,shortcode,latest,latest
hdfc-mutual-fund,DerivativeHDFC Children's Fund,,100900,HDFC Childrens Fund,HDFC Childrens Fund,seeded,shortcode,latest,latest
hdfc-mutual-fund,DerivativeHDFC Corporate Bond F,,118987,HDFC Corporate Bond Fund,HDFC Corporate Bond Fund,seeded,shortcode,latest,latest
hdfc-mutual-fund,DerivativeHDFC Credit Risk Debt,,128051,HDFC Credit Risk Debt Fund,HDFC Credit Risk Debt Fund,seeded,shortcode,latest,latest
hdfc-mutual-fund,DerivativeHDFC Dynamic Debt Fun,,119075,HDFC Dynamic Debt Fund,HDFC Dynamic Debt Fund,seeded,shortcode,latest,latest
hdfc-mutual-fund,DerivativeHDFC Floating Rate De,,118961,HDFC Floating Rate Debt Fund,HDFC Floating Rate Debt Fund,seeded,shortcode,latest,latest
hdfc-mutual-fund,DerivativeHDFC Gilt Fund,,119116,HDFC Gilt Fund,HDFC Gilt Fund,seeded,shortcode,latest,latest
hdfc-mutual-fund,DerivativeHDFC Hybrid Debt Fund,,119118,HDFC Hybrid Debt Fund,HDFC Hybrid Debt Fund,seeded,shortcode,latest,latest
hdfc-mutual-fund,DerivativeHDFC Hybrid Equity Fu,,119062,HDFC Hybrid Equity Fund,HDFC Hybrid Equity Fund,seeded,shortcode,latest,latest
hdfc-mutual-fund,DerivativeHDFC Income Fund,,119069,HDFC Income Fund,HDFC Income Fund,seeded,shortcode,latest,latest
hdfc-mutual-fund,DerivativeHDFC Long Duration De,,151313,HDFC Long Duration Debt Fund,HDFC Long Duration Debt Fund,seeded,shortcode,latest,latest
hdfc-mutual-fund,DerivativeHDFC Low Duration Fun,,118942,HDFC Low Duration Fund,HDFC Low Duration Fund,seeded,shortcode,latest,latest
hdfc-mutual-fund,DerivativeHDFC Medium Term Debt,,119081,HDFC Medium Term Debt Fund,HDFC Medium Term Debt Fund,seeded,shortcode,latest,latest
hdfc-mutual-fund,DerivativeHDFC Short Term Debt,,119016,HDFC Short Term Debt Fund,HDFC Short Term Debt Fund,seeded,shortcode,latest,latest
hdfc-mutual-fund,DerivativeHDFC Ultra Short Term,,145034,HDFC Ultra Short Term Fund,HDFC Ultra Short Term Fund,seeded,shortcode,latest,latest
hdfc-mutual-fund,DerivativeHDFCAR,,129052,HDFC ARBITRAGE FUND,HDFC Arbitrage Fund,seeded,shortcode,latest,latest
hdfc-mutual-fund,DerivativeHDFCEQ,,118955,HDFC Flexi Cap Fund,HDFC Flexi Cap Fund,seeded,shortcode,latest,latest
hdfc-mutual-fund,DerivativeHDFCMY,,119128,HDFC Equity Savings Fund,HDFC Equity Savings Fund,seeded,shortcode,latest,latest
hdfc-mutual-fund,DerivativeHDFCRETHDP,,136465,HDFC Retirement Savings Fund - Hybrid - Debt,HDFC Retirement Savings Fund Hybrid Debt Plan,seeded,shortcode,latest,latest
hdfc-mutual-fund,FEB2638D23,,151470,HDFC FMP 2638D February 2023,HDFC FMP 2638D,seeded,shortcode,2026-06,latest
hdfc-mutual-fund,HDFC1DLETF,,153403,HDFC NIFTY 1D RATE LIQUID ETF - Growth,HDFC NIFTY 1D RATE LIQUID ETF,seeded,shortcode,2026-06,latest
hdfc-mutual-fund,HDFC500ETF,,151376,HDFC BSE 500 ETF - Growth,HDFC BSE 500 ETF,seeded,shortcode,2026-06,latest
hdfc-mutual-fund,HDFC500IDF,,151728,HDFC BSE 500 Index Fund,HDFC BSE 500 INDEX FUND,seeded,shortcode,2026-06,latest
hdfc-mutual-fund,HDFCAALFOF,,148903,HDFC Multi - Asset Active FOF,HDFC Multi-Asset Active FOF,seeded,shortcode,2026-06,latest
hdfc-mutual-fund,HDFCAR,DerivativeHDFCAR|HDFC Arbitrage Fund,129052,HDFC ARBITRAGE FUND,HDFC ARBITRAGE FUND,seeded,shortcode,2026-07,2026-07
hdfc-mutual-fund,HDFCAUTOIF,,154427,HDFC Nifty Auto Index Fund,HDFC Nifty Auto Index Fund,seeded,shortcode,latest,latest
hdfc-mutual-fund,HDFCBISLIF,,153958,HDFC BSE India Sector Leaders Index Fund,HDFC BSE India Sector Leaders Index Fund,seeded,shortcode,2026-06,latest
hdfc-mutual-fund,HDFCBKEXTF,,148461,HDFC NIFTY Bank ETF - Growth,HDFC NIFTY BANK ETF,seeded,shortcode,2026-06,latest
hdfc-mutual-fund,HDFCBKGFSF,,148986,HDFC Banking & Financial Services Fund,HDFC Banking & Financial Services Fund,seeded,shortcode,2026-06,latest
hdfc-mutual-fund,HDFCBNKPSU,,128629,HDFC Banking and PSU Debt Fund,HDFC Banking and PSU Debt Fund,seeded,shortcode,2026-06,latest
hdfc-mutual-fund,HDFCBUSICY,,150805,HDFC Business Cycle Fund,HDFC Business Cycle Fund,seeded,shortcode,2026-06,latest
hdfc-mutual-fund,HDFCCB,,118935,HDFC Value Fund,HDFC Value Fund,seeded,shortcode,2026-06,latest
hdfc-mutual-fund,HDFCCFCNCC,,151862,HDFC Charity Fund for Cancer Cure,HDFC Charity Fund for Cancer Cure,seeded,shortcode,2026-06,latest
hdfc-mutual-fund,HDFCCORPDO,,128051,HDFC Credit Risk Debt Fund,HDFC Credit Risk Debt Fund,seeded,name_match,2026-06,2026-06
hdfc-mutual-fund,HDFCCS,,118950,HDFC Focused Fund,HDFC Focused Fund,seeded,shortcode,2026-06,latest
hdfc-mutual-fund,HDFCDEQFOF,,153860,HDFC Diversified Equity All Cap Active FOF,HDFC Diversified Equity All Cap Active FOF,seeded,shortcode,2026-06,latest
hdfc-mutual-fund,HDFCDFNFND,,151750,HDFC Defence Fund,HDFC Defence Fund,seeded,shortcode,2026-06,latest
hdfc-mutual-fund,HDFCDIVYLD,,148609,HDFC Dividend Yield Fund,HDFC Dividend Yield Fund,seeded,shortcode,2026-06,latest
hdfc-mutual-fund,HDFCDPEFOF,,130543,HDFC Income Plus Arbitrage Active FOF,HDFC Income Plus Arbitrage Active FOF,seeded,shortcode,2026-06,latest
hdfc-mutual-fund,HDFCDWIFOF,,149180,HDFC Developed World Overseas Equity Passive FOF,HDFC Developed World Overseas Equity Passive FOF,seeded,shortcode,2026-06,latest
hdfc-mutual-fund,HDFCEQ,,118955,HDFC Flexi Cap Fund,HDFC Flexi Cap Fund,seeded,shortcode,2026-06,2026-06
hdfc-mutual-fund,HDFCG15ETF,,150621,HDFC NIFTY SECTORS 15 ETF - Growth,HDFC Nifty Growth Sectors 15 ETF,seeded,shortcode,2026-06,latest
hdfc-mutual-fund,HDFCGF,,100900,HDFC Childrens Fund,HDFC Children's Fund,seeded,shortcode,2026-06,latest
hdfc-mutual-fund,HDFCGOLD,,119132,HDFC Gold ETF Fund of Fund,HDFC Gold ETF Fund of Fund,seeded,shortcode,2026-06,latest
hdfc-mutual-fund,HDFCGR,DerivativeHDFC Balanced Advanta|HDFC Balanced Advantage Fund,118968,HDFC Balanced Advantage Fund,HDFC Balanced Advantage Fund,seeded,shortcode,2026-07,2026-07
hdfc-mutual-fund,HDFCHI,,119075,HDFC Dynamic Debt Fund,HDFC Dynamic Debt Fund,seeded,name_match,2026-06,2026-06
hdfc-mutual-fund,HDFCHOF117,,141924,HDFC Housing Opportunities Fund,HDFC Housing Opportunities Fund,seeded,shortcode,2026-06,latest
hdfc-mutual-fund,HDFCIG,,118942,HDFC Low Duration Fund,HDFC Low Duration Fund,seeded,name_match,2026-06,2026-06
hdfc-mutual-fund,HDFCIN,,119069,HDFC Income Fund,HDFC Income Fund,seeded,name_match,2026-06,2026-06
hdfc-mutual-fund,HDFCINNOVF,,153620,HDFC INNOVATION FUND,HDFC Innovation Fund,seeded,shortcode,2026-06,latest
hdfc-mutual-fund,HDFCIPAFOF,,154262,HDFC INCOME PLUS ARBITRAGE OMNI FOF,HDFC Income Plus Arbitrage Omni FOF,seeded,shortcode,2026-06,latest
hdfc-mutual-fund,HDFCL30ETF,,150658,HDFC NIFTY100 Low Volatility 30 ETF - Growth,HDFC NIFTY100 LOW VOLATILITY 30 ETF,seeded,shortcode,2026-06,latest
hdfc-mutual-fund,HDFCL30IDF,,152713,HDFC NIFTY100 Low Volatility 30 Index Fund,HDFC NIFTY100 Low Volatility 30 Index Fund,seeded,shortcode,2026-06,latest
hdfc-mutual-fund,HDFCLARGEF,,130498,HDFC Large and Mid Cap Fund,HDFC Large and Mid Cap Fund,seeded,shortcode,2026-06,latest
hdfc-mutual-fund,HDFCLI,,119091,HDFC Liquid Fund,HDFC Liquid Fund,seeded,shortcode,2026-06,latest
hdfc-mutual-fund,HDFCLM250F,,152889,HDFC NIFTY LargeMidcap 250 Index Fund,HDFC Nifty LargeMidcap250 Index Fund,seeded,shortcode,2026-06,latest
hdfc-mutual-fund,HDFCLONGDF,,151313,HDFC Long Duration Debt Fund,HDFC Long Duration Debt Fund,seeded,name_match,2026-06,2026-06
hdfc-mutual-fund,HDFCLT,,119116,HDFC Gilt Fund,HDFC Gilt Fund,seeded,name_match,2026-06,2026-06
hdfc-mutual-fund,HDFCM30ETF,,150657,HDFC NIFTY200 MOMENTUM 30 ETF - Growth,HDFC NIFTY200 MOMENTUM 30 ETF,seeded,shortcode,2026-06,latest
hdfc-mutual-fund,HDFCM30IDF,,152430,HDFC NIFTY200 Momentum 30 Index Fund,HDFC NIFTY200 MOMENTUM 30 INDEX FUND,seeded,shortcode,2026-06,latest
hdfc-mutual-fund,HDFCMANFFN,,152600,HDFC Manufacturing fund,HDFC Manufacturing Fund,seeded,shortcode,2026-06,latest
hdfc-mutual-fund,HDFCMC,,119110,HDFC Overnight Fund,HDFC Overnight Fund,seeded,shortcode,2026-06,latest
hdfc-mutual-fund,HDFCMETETF,,154504,HDFC Nifty Metal ETF - Growth,HDFC Nifty Metal ETF,seeded,shortcode,latest,latest
hdfc-mutual-fund,HDFCMIDETF,,151374,HDFC NIFTY Midcap 150 ETF - Growth,HDFC NIFTY MIDCAP 150 ETF,seeded,shortcode,2026-06,latest
hdfc-mutual-fund,HDFCMIDIDF,,151724,HDFC NIFTY Midcap 150 Index Fund,HDFC NIFTY MIDCAP 150 INDEX FUND,seeded,shortcode,2026-06,latest
hdfc-mutual-fund,HDFCMNCFND,,151458,HDFC MNC Fund,HDFC MNC Fund,seeded,shortcode,2026-06,latest
hdfc-mutual-fund,HDFCMO,,118987,HDFC Corporate Bond Fund,HDFC Corporate Bond Fund,seeded,name_match,2026-06,2026-06
hdfc-mutual-fund,HDFCMS,,119092,HDFC Money Market Fund,HDFC Money Market Fund,seeded,shortcode,2026-06,latest
hdfc-mutual-fund,HDFCMULCAP,,149368,HDFC Multi Cap Fund,HDFC Multi Cap Fund,seeded,shortcode,2026-06,latest
hdfc-mutual-fund,HDFCMY,DerivativeHDFCMY|HDFC Equity Savings Fund,119128,HDFC Equity Savings Fund,HDFC Equity Savings Fund,seeded,shortcode,2026-07,2026-07
hdfc-mutual-fund,HDFCN100ET,,150476,HDFC NIFTY 100 ETF - Growth,HDFC NIFTY 100 ETF,seeded,shortcode,2026-06,latest
hdfc-mutual-fund,HDFCN100EW,,149870,HDFC Nifty 100 Equal Weight Index Fund,HDFC NIFTY 100 Equal Weight Index Fund,seeded,shortcode,2026-06,latest
hdfc-mutual-fund,HDFCNCCFND,,151804,HDFC Consumption Fund,HDFC Consumption Fund,seeded,shortcode,2026-06,latest
hdfc-mutual-fund,HDFCNICONF,,154179,HDFC Nifty India Consumption Index Fund,HDFC Nifty India Consumption Index Fund,seeded,shortcode,2026-06,latest
hdfc-mutual-fund,HDFCNITETF,,150801,HDFC NIFTY IT ETF - Growth,HDFC NIFTY IT ETF,seeded,shortcode,2026-06,latest
hdfc-mutual-fund,HDFCNPBETF,,150802,HDFC NIFTY Private Bank ETF - Growth,HDFC NIFTY Private Bank ETF,seeded,shortcode,2026-06,latest
hdfc-mutual-fund,HDFCNPSBET,,152350,HDFC NIFTY PSU BANK ETF,HDFC NIFTY PSU BANK ETF,seeded,shortcode,2026-06,latest
hdfc-mutual-fund,HDFCNY,,101525,HDFC Nifty 50 Index Fund,HDFC Nifty 50 Index Fund,seeded,shortcode,2026-06,latest
hdfc-mutual-fund,HDFCNY100F,,149868,HDFC NIFTY 100 Index Fund,HDFC NIFTY 100 Index Fund,seeded,shortcode,2026-06,latest
hdfc-mutual-fund,HDFCNY20EW,,153404,HDFC Nifty Top 20 Equal Weight Index Fund,HDFC NIFTY Top 20 Equal Weight Index Fund,seeded,shortcode,2026-06,latest
hdfc-mutual-fund,HDFCNY500M,,152778,HDFC NIFTY500 Multicap 50:25:25 Index Fund,HDFC Nifty500 Multicap 50.25.25 Index Fund,seeded,shortcode,2026-06,latest
hdfc-mutual-fund,HDFCNY50ET,,150477,HDFC NIFTY NEXT 50 ETF - Growth,HDFC NIFTY NEXT 50 ETF,seeded,shortcode,2026-06,latest
hdfc-mutual-fund,HDFCNY50EW,,149107,HDFC NIFTY50 Equal weight Index Fund,HDFC NIFTY50 Equal weight Index Fund,seeded,shortcode,2026-06,latest
hdfc-mutual-fund,HDFCNYDGTF,,153097,HDFC Nifty India Digital Index Fund,HDFC Nifty India Digital Index Fund,seeded,shortcode,2026-06,latest
hdfc-mutual-fund,HDFCNYEXTF,,135853,HDFC NIFTY 50 ETF - Growth,HDFC NIFTY 50 ETF,seeded,shortcode,2026-06,latest
hdfc-mutual-fund,HDFCNYNX50,,149288,HDFC NIFTY Next 50 Index Fund,HDFC NIFTY Next 50 Index Fund,seeded,shortcode,2026-06,latest
hdfc-mutual-fund,HDFCPHARHC,,152082,HDFC Pharma and Healthcare Fund,HDFC Pharma and Healthcare Fund,seeded,shortcode,2026-06,latest
hdfc-mutual-fund,HDFCPM,DerivativeHDFC Hybrid Equity Fu|HDFC Hybrid Equity Fund,119062,HDFC Hybrid Equity Fund,HDFC Hybrid Equity Fund,seeded,shortcode,2026-07,2026-07
hdfc-mutual-fund,HDFCQ30ETF,,150620,HDFC NIFTY100 QUALITY 30 ETF - Growth,HDFC Nifty100 Quality 30 ETF,seeded,shortcode,2026-06,latest
hdfc-mutual-fund,HDFCQ30IDF,,153264,HDFC Nifty100 Quality 30 Index Fund,HDFC Nifty100 Quality 30 Index Fund,seeded,shortcode,2026-06,latest
hdfc-mutual-fund,HDFCREALIF,,152522,HDFC NIFTY Reality Index Fund,HDFC NIFTY REALTY INDEX FUND,seeded,shortcode,2026-06,latest
hdfc-mutual-fund,HDFCRETEQP,,136094,HDFC Retirement Savings Fund - Equity,HDFC Retirement Savings Fund - Equity Plan,seeded,shortcode,2026-06,latest
hdfc-mutual-fund,HDFCRETHDP,,136465,HDFC Retirement Savings Fund - Hybrid - Debt,HDFC Retirement Savings Fund - Hybrid-Debt Plan,seeded,shortcode,2026-06,2026-06
hdfc-mutual-fund,HDFCRETHEP,,136464,HDFC Retirement Savings Fund - Hybrid - Equity,HDFC Retirement Savings Fund - Hybrid-Equity Plan,seeded,shortcode,2026-06,latest
hdfc-mutual-fund,HDFCRS912F,,154308,HDFC CRISIL - IBX Financial Services 9 - 12 Months Debt Index Fund,HDFC CRISIL-IBX Financial Services 9-12 Months Debt Index Fund,seeded,shortcode,2026-06,latest
hdfc-mutual-fund,HDFCRSLFSF,,153517,HDFC CRISIL - IBX Financial Services 3 - 6 Months Debt Index Fund,HDFC CRISIL-IBX Financial Services 3-6 Months Debt Index Fund,seeded,shortcode,2026-06,latest
hdfc-mutual-fund,HDFCSMAETF,,151375,HDFC NIFTY Smallcap 250 ETF - Growth,HDFC NIFTY Smallcap 250 ETF,seeded,shortcode,2026-06,latest
hdfc-mutual-fund,HDFCSMAIDF,,151727,HDFC NIFTY Smallcap 250 Index Fund,HDFC NIFTY Smallcap 250 INDEX FUND,seeded,shortcode,2026-06,latest
hdfc-mutual-fund,HDFCSMALLF,,130503,HDFC Small Cap Fund,HDFC Small Cap Fund,seeded,shortcode,2026-06,latest
hdfc-mutual-fund,HDFCSO,,119016,HDFC Short Term Debt Fund,HDFC Short Term Debt Fund,seeded,name_match,2026-06,2026-06
hdfc-mutual-fund,HDFCSX,,101281,HDFC BSE Sensex Index Fund,HDFC BSE Sensex Index Fund,seeded,shortcode,2026-06,latest
hdfc-mutual-fund,HDFCSXEXTF,,135854,HDFC BSE Sensex ETF - Growth,HDFC BSE SENSEX ETF,seeded,shortcode,2026-06,latest
hdfc-mutual-fund,HDFCT2,,119018,HDFC Large Cap Fund,HDFC Large Cap Fund,seeded,shortcode,2026-06,latest
hdfc-mutual-fund,HDFCTECHFD,,152059,HDFC Technology Fund,HDFC Technology Fund,seeded,shortcode,2026-06,latest
hdfc-mutual-fund,HDFCTRALFD,,151901,HDFC Transportation and Logistics Fund,HDFC Transportation and Logistics Fund,seeded,shortcode,2026-06,latest
hdfc-mutual-fund,HDFCTS,,119060,HDFC ELSS Tax saver,HDFC ELSS Tax saver,seeded,shortcode,2026-06,latest
hdfc-mutual-fund,HDFCUSTF,,145034,HDFC Ultra Short Term Fund,HDFC Ultra Short Term Fund,seeded,name_match,2026-06,2026-06
hdfc-mutual-fund,HDFCV20ETF,,150619,HDFC NIFTY 50 VALUE 20 ETF - Growth,HDFC Nifty50 Value 20 ETF,seeded,shortcode,2026-06,latest
hdfc-mutual-fund,HDFLSP,,118961,HDFC Floating Rate Debt Fund,HDFC Floating Rate Debt Fund,seeded,name_match,2026-06,2026-06
hdfc-mutual-fund,HDGETF,,113049,HDFC Gold ETF - Growth,HDFC Gold ETF,seeded,shortcode,2026-06,latest
hdfc-mutual-fund,HDINFG,,118979,HDFC Infrastructure Fund,HDFC Infrastructure Fund,seeded,shortcode,2026-06,latest
hdfc-mutual-fund,HIFSTP,,119081,HDFC Medium Term Debt Fund,HDFC Medium Term Debt Fund,seeded,name_match,2026-06,2026-06
hdfc-mutual-fund,HMIPLT,,119118,HDFC Hybrid Debt Fund,HDFC Hybrid Debt Fund,seeded,name_match,2026-06,2026-06
hdfc-mutual-fund,HNGAPR29IF,,151495,HDFC Nifty G - Sec Apr 2029 Index Fund,HDFC NIFTY G-Sec Apr 2029 Index Fund,seeded,shortcode,2026-06,latest
hdfc-mutual-fund,HNGDEC26IF,,150845,HDFC Nifty G - Sec Dec 2026 Index Fund,HDFC Nifty G-Sec Dec 2026 Index Fund,seeded,shortcode,2026-06,latest
hdfc-mutual-fund,HNGJUL31IF,,150847,HDFC Nifty G - Sec July 2031 Index Fund,HDFC Nifty G-Sec July 2031 Index Fund,seeded,shortcode,2026-06,latest
hdfc-mutual-fund,HNGJUN27IF,,151181,HDFC Nifty G - Sec Jun 2027 Index Fund,HDFC Nifty G-Sec Jun 2027 Index Fund,seeded,shortcode,2026-06,latest
hdfc-mutual-fund,HNGJUN36IF,,151489,HDFC Nifty G - Sec Jun 2036 Index Fund,HDFC Nifty G-Sec Jun 2036 Index Fund,seeded,shortcode,2026-06,latest
hdfc-mutual-fund,HNGSEP32IF,,151183,HDFC Nifty G - Sec Sep 2032 Index Fund,HDFC Nifty G-Sec Sep 2032 Index Fund,seeded,shortcode,2026-06,latest
hdfc-mutual-fund,HNSJUN27IF,,151570,HDFC NIFTY SDL Plus G - Sec Jun 2027 40:60 Index Fund,HDFC NIFTY SDL Plus G-Sec Jun 2027 40.60 Index Fund,seeded,shortcode,2026-06,latest
hdfc-mutual-fund,HNSOCT26IF,,151456,HDFC Nifty SDL Oct 2026 Index Fund,HDFC Nifty SDL Oct 2026 Index Fund,seeded,shortcode,2026-06,latest
hdfc-mutual-fund,HSILVERETF,,150556,HDFC Silver ETF - Growth,HDFC SILVER ETF,seeded,shortcode,2026-06,latest
hdfc-mutual-fund,HSILVERFOF,,150737,HDFC Silver ETF Fund of Fund,HDFC Silver ETF Fund of Fund,seeded,shortcode,2026-06,latest
hdfc-mutual-fund,MAR1269D23,,151565,HDFC FMP 1269D March 2023,HDFC FMP 1269D,seeded,shortcode,2026-06,latest
hdfc-mutual-fund,MAR1861D22,,149924,HDFC FMP 1861D March 2022,HDFC FMP 1861D,seeded,shortcode,2026-06,latest
hdfc-mutual-fund,MAR1876D22,,150002,HDFC FMP 1876D March 2022,HDFC FMP 1876D,seeded,shortcode,2026-06,latest
hdfc-mutual-fund,MIDCAP,,118989,HDFC Mid Cap Fund,HDFC Mid Cap Fund,seeded,shortcode,2026-06,latest
helios-mutual-fund,H01,,152152,Helios Overnight Fund,Helios Overnight Fund,seeded,name_match,2026-06,2026-06
helios-mutual-fund,HARF,,154257,Helios Arbitrage Fund,Helios Arbitrage Fund,seeded,shortcode,2026-06,latest
helios-mutual-fund,HBAF,,152509,Helios Balanced Advantage Fund,Helios Balanced Advantage Fund,seeded,shortcode,2026-06,latest
helios-mutual-fund,HFCF,,152135,Helios Flexi Cap Fund,Helios Flexi Cap Fund,seeded,shortcode,2026-06,latest
helios-mutual-fund,HFSF,,152679,Helios Financial Services Fund,Helios Financial Services Fund,seeded,shortcode,2026-06,latest
helios-mutual-fund,HLM,,152941,Helios Large & Mid Cap Fund,Helios Large & Mid Cap Fund,seeded,shortcode,2026-06,latest
helios-mutual-fund,HMCF,,153326,Helios Mid Cap Fund,Helios Mid Cap Fund,seeded,shortcode,2026-06,latest
helios-mutual-fund,HOF,,152152,Helios Overnight Fund,Helios Overnight Fund,seeded,shortcode,2026-06,latest
helios-mutual-fund,HSCF,,153912,Helios Small Cap Fund,Helios Small Cap Fund,seeded,shortcode,2026-06,latest
hsbc-mutual-fund,HDCGIF,,149966,HSBC CRISIL IBX 50:50 Gilt Plus SDL Apr 2028 Index Fund,HSBC CRISIL IBX 50:50 Gilt Plus SDL Apr 2028 Index Fund,seeded,shortcode,2026-06,latest
hsbc-mutual-fund,HDCGIF2,,151479,HSBC CRISIL IBX Gilt June 2027 Index Fund,HSBC CRISIL IBX Gilt June 2027 Index Fund,seeded,shortcode,2026-06,latest
hsbc-mutual-fund,HDFLXI,,151087,HSBC Dynamic Bond Fund,HSBC Dynamic Bond Fund,seeded,shortcode,2026-06,latest
hsbc-mutual-fund,HDINCF,,150996,HSBC Corporate Bond Fund,HSBC Medium to Long Duration Fund,seeded,shortcode,2026-06,latest
hsbc-mutual-fund,HDLBPDF,,151107,HSBC Banking and PSU Debt Fund,HSBC Banking and PSU Debt Fund,seeded,shortcode,2026-06,latest
hsbc-mutual-fund,HDLCBF,,150996,HSBC Corporate Bond Fund,HSBC Corporate Bond Fund,seeded,shortcode,latest,latest
hsbc-mutual-fund,HDLCRF,,151045,HSBC Credit Risk Fund,HSBC Credit Risk Fund,seeded,shortcode,2026-06,latest
hsbc-mutual-fund,HDLGF,,151014,HSBC Gilt Fund,HSBC Gilt Fund,seeded,shortcode,2026-06,latest
hsbc-mutual-fund,HDLMDF,,151146,HSBC Medium Duration Fund,HSBC Medium Duration Fund,seeded,shortcode,2026-06,latest
hsbc-mutual-fund,HDLMF,,151054,HSBC Money Market Fund,HSBC Money Market Fund,seeded,shortcode,2026-06,latest
hsbc-mutual-fund,HDMIPS,,120073,HSBC Conservative Hybrid Fund,HSBC Conservative Hybrid Fund,seeded,shortcode,2026-06,latest
hsbc-mutual-fund,HDONTF,,147287,HSBC Overnight Fund,HSBC Overnight Fund,seeded,shortcode,2026-06,latest
hsbc-mutual-fund,HDSTIF,,151067,HSBC Short Duration Fund,HSBC Short Duration Fund,seeded,shortcode,2026-06,latest
hsbc-mutual-fund,HDUSDF,,147908,HSBC Ultra Short Duration Fund,HSBC Ultra Short Duration Fund,seeded,shortcode,2026-06,latest
hsbc-mutual-fund,HDUSTF,,151117,HSBC Low Duration Fund,HSBC Low Duration Fund,seeded,shortcode,2026-06,latest
hsbc-mutual-fund,HECF,,152032,HSBC Consumption Fund,HSBC Consumption Fund,seeded,shortcode,2026-06,latest
hsbc-mutual-fund,HEEQTF,,120030,HSBC Large Cap Fund,HSBC Large Cap Fund,seeded,shortcode,2026-06,latest
hsbc-mutual-fund,HEFOCF,,148411,HSBC Focused Fund,HSBC Focused Fund,seeded,shortcode,2026-06,latest
hsbc-mutual-fund,HEHYBF,,151122,HSBC Aggressive Hybrid Fund,HSBC Aggressive Hybrid Fund,seeded,shortcode,2026-06,latest
hsbc-mutual-fund,HEIOPF,,120046,HSBC Flexi Cap Fund,HSBC Flexi Cap Fund,seeded,shortcode,2026-06,latest
hsbc-mutual-fund,HELABF,,151138,HSBC Arbitrage Fund,HSBC Arbitrage Fund,seeded,shortcode,2026-06,latest
hsbc-mutual-fund,HELBAF,,151129,HSBC Balanced Advantage Fund,HSBC Balanced Advantage Fund,seeded,shortcode,2026-06,latest
hsbc-mutual-fund,HELBCF,,151142,HSBC Business Cycles Fund,HSBC Business Cycles Fund,seeded,shortcode,2026-06,latest
hsbc-mutual-fund,HELELSS,,151078,HSBC ELSS Tax saver Fund,HSBC ELSS Tax saver Fund,seeded,shortcode,2026-06,latest
hsbc-mutual-fund,HELMCF,,146772,HSBC Large & Mid Cap Fund,HSBC Large & Mid Cap Fund,seeded,shortcode,2026-06,latest
hsbc-mutual-fund,HELNIF,,151157,HSBC NIFTY 50 INDEX FUND,HSBC Nifty 50 Index Fund,seeded,shortcode,2026-06,latest
hsbc-mutual-fund,HELNTIF,,151160,HSBC NIFTY NEXT 50 INDEX FUND,HSBC Nifty Next 50 Index Fund,seeded,shortcode,2026-06,latest
hsbc-mutual-fund,HELSF,,151060,HSBC Equity Savings Fund,HSBC Equity Savings Fund,seeded,shortcode,2026-06,latest
hsbc-mutual-fund,HELVF,,151113,HSBC Value Fund,HSBC Value Fund,seeded,shortcode,2026-06,latest
hsbc-mutual-fund,HEMCF,,151290,HSBC Multi Cap Fund,HSBC Multi Cap Fund,seeded,shortcode,2026-06,latest
hsbc-mutual-fund,HEMCPF,,151036,HSBC Midcap Fund,HSBC Midcap Fund,seeded,shortcode,2026-06,latest
hsbc-mutual-fund,HEMIDF,,151130,HSBC Small Cap Fund,HSBC Small Cap Fund,seeded,shortcode,2026-06,latest
hsbc-mutual-fund,HEPROF,,151040,HSBC Infrastructure Fund,HSBC Infrastructure Fund,seeded,shortcode,2026-06,latest
hsbc-mutual-fund,HFSF,,153266,HSBC Financial Services Fund,HSBC Financial Services Fund,seeded,shortcode,2026-06,latest
hsbc-mutual-fund,HGETF,,154294,HSBC Gold ETF,HSBC Gold ETF,seeded,shortcode,2026-06,latest
hsbc-mutual-fund,HIEOF,,152829,HSBC India Export Opportunities Fund,HSBC India Export Opportunities Fund,seeded,shortcode,2026-06,latest
hsbc-mutual-fund,HLCASH,,120038,HSBC Liquid Fund,HSBC Liquid Fund,seeded,shortcode,2026-06,latest
hsbc-mutual-fund,HMAF,,152380,HSBC Multi Asset Allocation Fund,HSBC Multi Asset Allocation Fund,seeded,shortcode,2026-06,latest
hsbc-mutual-fund,HOAPDF,,127071,HSBC Asia Pacific (Ex Japan) Dividend Yield Fund,HSBC Asia Pacific (Ex Japan) Dividend Yield Fund,seeded,shortcode,2026-06,latest
hsbc-mutual-fund,HOBRAZ,,120035,HSBC Brazil Fund,HSBC Brazil Fund,seeded,shortcode,2026-06,latest
hsbc-mutual-fund,HOEMKF,,120043,HSBC Global Emerging Market Fund,HSBC Global Emerging Markets Fund,seeded,shortcode,2026-06,latest
hsbc-mutual-fund,HOGFOF,,154295,HSBC Gold ETF Fund of fund,HSBC Gold ETF Fund of Fund,seeded,shortcode,latest,latest
hsbc-mutual-fund,HOMSCS,,129197,HSBC Income Plus Arbitrage Active FOF,HSBC Income Plus Arbitrage Active FOF,seeded,shortcode,2026-06,latest
hsbc-mutual-fund,HOMSGS,,129200,HSBC Aggressive Hybrid Active FOF,HSBC Aggressive Hybrid Active FOF,seeded,shortcode,2026-06,latest
hsbc-mutual-fund,HOMSMS,,129193,HSBC Multi Asset Active FOF,HSBC Multi Asset Active FOF,seeded,shortcode,2026-06,latest
icici-prudential-mutual-fund,5GSETF,,149928,ICICI Prudential Nifty 5 yr Benchmark G - SEC ETF,ICICI Prudential Nifty 5 yr Benchmark G-SEC ETF,seeded,shortcode,2026-06,latest
icici-prudential-mutual-fund,AGGRES,,120242,ICICI Prudential Multi Sector Passive FOF,ICICI Prudential Multi Sector Passive FOF,seeded,shortcode,2026-06,latest
icici-prudential-mutual-fund,ALCAPFOF,,154266,ICICI Prudential Diversified Equity All Cap Active FOF,ICICI Prudential Diversified Equity All Cap Active FOF,seeded,shortcode,2026-06,latest
icici-prudential-mutual-fund,AP30ETF,,148456,ICICI Prudential Nifty Alpha Low - Volatility 30 ETF,ICICI Prudential Nifty Alpha Low- Volatility 30 ETF,seeded,shortcode,2026-06,latest
icici-prudential-mutual-fund,AP30FOF,,149158,ICICI Prudential Nifty Alpha Low - Volatility 30 ETF FOF,ICICI Prudential Nifty Alpha Low - Volatility 30 ETF FOF,seeded,shortcode,2026-06,latest
icici-prudential-mutual-fund,ARBITRAGE,,120364,ICICI Prudential Arbitrage Fund,ICICI Prudential Arbitrage Fund,seeded,shortcode,2026-06,latest
icici-prudential-mutual-fund,AUTODEX,,150643,ICICI Prudential Nifty Auto Index Fund,ICICI Prudential Nifty Auto Index Fund,seeded,shortcode,2026-06,latest
icici-prudential-mutual-fund,AUTOETF,,149463,ICICI Prudential Nifty Auto ETF,ICICI Prudential Nifty Auto ETF,seeded,shortcode,2026-06,latest
icici-prudential-mutual-fund,BAF,,120377,ICICI Prudential Balanced Advantage Fund,ICICI Prudential Balanced Advantage Fund,seeded,shortcode,2026-06,latest
icici-prudential-mutual-fund,BALHYBID,,154417,ICICI Prudential Balanced Hybrid Fund,ICICI Prudential Balanced Hybrid Fund,seeded,shortcode,latest,latest
icici-prudential-mutual-fund,BANFIN SERVICES,,120244,ICICI Prudential Banking and Financial Services Fund,ICICI Prudential Banking & Financial Services Fund,seeded,shortcode,latest,latest
icici-prudential-mutual-fund,BANKETF,,147483,ICICI Prudential Nifty Bank ETF,ICICI Prudential Nifty Bank ETF,seeded,shortcode,2026-06,latest
icici-prudential-mutual-fund,BANPSU,,120256,ICICI Prudential Banking and PSU Debt Fund,ICICI Prudential Banking & PSU Debt Fund,seeded,shortcode,2026-06,latest
icici-prudential-mutual-fund,BCYCLE,,148651,ICICI Prudential Business Cycle Fund,ICICI Prudential Business Cycle Fund,seeded,shortcode,2026-06,latest
icici-prudential-mutual-fund,BHACON,,146951,ICICI Prudential Bharat Consumption Fund,ICICI Prudential Bharat Consumption Fund,seeded,shortcode,2026-06,latest
icici-prudential-mutual-fund,BHARATETF,,141957,BHARAT 22 ETF,BHARAT 22 ETF,seeded,shortcode,2026-06,latest
icici-prudential-mutual-fund,BHARATFOF,,143903,ICICI Prudential BHARAT 22 FOF,ICICI Prudential BHARAT 22 FOF,seeded,shortcode,2026-06,latest
icici-prudential-mutual-fund,BKNIFTY,,149858,ICICI Prudential Nifty Bank Index Fund,ICICI Prudential Nifty Bank Index Fund,seeded,shortcode,2026-06,latest
icici-prudential-mutual-fund,BLUECHIP,,120586,ICICI Prudential Large Cap Fund (erstwhile Bluechip Fund,ICICI Prudential Large Cap Fund,seeded,shortcode,2026-06,latest
icici-prudential-mutual-fund,BOND FUND,,120619,ICICI Prudential Bond Fund,ICICI Prudential Bond Fund,seeded,shortcode,latest,latest
icici-prudential-mutual-fund,CAUT,,120313,ICICI Prudential Income plus Arbitrage Omni FOF,ICICI Prudential Income plus Arbitrage Omni FOF,seeded,shortcode,2026-06,latest
icici-prudential-mutual-fund,CNX100,,123004,ICICI Prudential Nifty 100 ETF,ICICI Prudential Nifty 100 ETF,seeded,shortcode,2026-06,latest
icici-prudential-mutual-fund,COMETF,,151207,ICICI Prudential Nifty Commodities ETF,ICICI Prudential Nifty Commodities ETF,seeded,shortcode,2026-06,latest
icici-prudential-mutual-fund,COMFUND,,147662,ICICI Prudential Commodities Fund,ICICI Prudential Commodities Fund,seeded,shortcode,2026-06,latest
icici-prudential-mutual-fund,CONETF,,149285,ICICI Prudential Nifty India Consumption ETF,ICICI Prudential Nifty India Consumption ETF,seeded,shortcode,2026-06,latest
icici-prudential-mutual-fund,CONGLO,,153867,ICICI Prudential Conglomerate Fund,ICICI Prudential Conglomerate Fund,seeded,shortcode,2026-06,latest
icici-prudential-mutual-fund,CORPORATE BOND,,120692,ICICI Prudential Corporate Bond Fund,ICICI Prudential Corporate Bond Fund,seeded,shortcode,latest,latest
icici-prudential-mutual-fund,CRF,,120711,ICICI Prudential Credit Risk Fund,ICICI Prudential Credit Risk Fund,seeded,shortcode,2026-06,latest
icici-prudential-mutual-fund,CRI36DEX,,153411,ICICI Prudential CRISIL - IBX Financial Services 3 - 6 Months Debt Index Fund,ICICI Prudential CRISIL-IBX Financial Services 3-6 Months Debt Index Fund,seeded,shortcode,2026-06,latest
icici-prudential-mutual-fund,DISCO,,120323,ICICI Prudential Value Fund (erstwhile Value Discovery Fund,ICICI Prudential Value Fund,seeded,shortcode,2026-06,latest
icici-prudential-mutual-fund,DIVYLD,,129312,ICICI Prudential Dividend Yield Equity Fund,ICICI Prudential Dividend Yield Equity Fund,seeded,shortcode,2026-06,latest
icici-prudential-mutual-fund,ENERGY,,152728,ICICI PRUDENTIAL ENERGY OPPORTUNITIES FUND,ICICI Prudential Energy Opportunities Fund,seeded,shortcode,2026-06,latest
icici-prudential-mutual-fund,EQL15DEX,,153614,ICICI Prudential Nifty Top 15 Equal Weight Index Fund,ICICI Prudential Nifty Top 15 Equal Weight Index Fund,seeded,shortcode,2026-06,latest
icici-prudential-mutual-fund,EQL15ETF,,153617,ICICI Prudential Nifty Top 15 Equal Weight ETF,ICICI Prudential Nifty Top 15 Equal Weight ETF,seeded,shortcode,2026-06,latest
icici-prudential-mutual-fund,EQUAL,,150639,ICICI Prudential Nifty50 Equal Weight Index Fund,ICICI Prudential Nifty50 Equal Weight Index Fund,seeded,shortcode,2026-06,latest
icici-prudential-mutual-fund,ESF,,133052,ICICI Prudential Equity Savings Fund,ICICI Prudential Equity Savings Fund,seeded,shortcode,2026-06,latest
icici-prudential-mutual-fund,ESGFUND,,148516,ICICI Prudential ESG Exclusionary Strategy Fund,ICICI Prudential ESG Exclusionary Strategy Fund,seeded,shortcode,2026-06,latest
icici-prudential-mutual-fund,EXPORTS,,120688,ICICI Prudential Exports & Services Fund,ICICI Prudential Exports and Services Fund,seeded,shortcode,2026-06,latest
icici-prudential-mutual-fund,F8510I,,146795,ICICI Prudential Fixed Maturity - Series 85 - 10 Years I,ICICI Prudential Fixed Maturity Plan - Series 85 - 10 Years Plan I,seeded,shortcode,2026-06,latest
icici-prudential-mutual-fund,F881303S,,151493,ICICI Prudential Fixed Maturity - Series 88 - 1303 Days S,ICICI Prudential Fixed Maturity Plan - Series 88 - 1303 Days Plan S,seeded,shortcode,2026-06,latest
icici-prudential-mutual-fund,FINETF,,150879,ICICI Prudential Nifty Financial Services Ex - BaNk ETF,ICICI Prudential Nifty Financial Services Ex-Bank ETF,seeded,shortcode,2026-06,latest
icici-prudential-mutual-fund,FLEXCAP,,148990,ICICI Prudential Flexicap Fund,ICICI Prudential Flexicap Fund,seeded,shortcode,2026-06,latest
icici-prudential-mutual-fund,FLOATING,,120425,ICICI Prudential Floating Interest Fund,ICICI Prudential Floating Interest Fund,seeded,shortcode,2026-06,latest
icici-prudential-mutual-fund,FMCG,,120587,ICICI Prudential FMCG Fund,ICICI Prudential FMCG Fund,seeded,shortcode,2026-06,latest
icici-prudential-mutual-fund,FMCGETF,,149072,ICICI Prudential Nifty FMCG ETF,ICICI Prudential Nifty FMCG ETF,seeded,shortcode,2026-06,latest
icici-prudential-mutual-fund,FOCUSED,,120722,ICICI Prudential Focused Equity Fund,ICICI Prudential Focused Equity Fund,seeded,shortcode,2026-06,latest
icici-prudential-mutual-fund,GILT,,120590,ICICI Prudential Gilt Fund,ICICI Prudential Gilt Fund,seeded,shortcode,2026-06,latest
icici-prudential-mutual-fund,GLOBALS,,123654,ICICI Prudential Global Stable Equity Fund (FOF,ICICI Prudential Global Stable Equity Fund (FOF),seeded,shortcode,2026-06,latest
icici-prudential-mutual-fund,GLOBAVT,,147648,ICICI Prudential Global Advantage Fund (FOF,ICICI Prudential Global Advantage Fund (FOF),seeded,shortcode,2026-06,latest
icici-prudential-mutual-fund,GOLD,,113076,ICICI Prudential Gold ETF,ICICI Prudential Gold ETF,seeded,shortcode,2026-06,latest
icici-prudential-mutual-fund,GS2030,,150733,ICICI Prudential Nifty G - Sec Dec 2030 Index Fund,ICICI Prudential Nifty G-sec Dec 2030 Index Fund,seeded,shortcode,2026-06,latest
icici-prudential-mutual-fund,GSECETF,,151196,ICICI Prudential Nifty 10 yr Benchmark G - sec ETF,ICICI Prudential Nifty 10 yr Benchmark G-Sec ETF,seeded,shortcode,2026-06,latest
icici-prudential-mutual-fund,HEALETF,,148957,ICICI Prudential Nifty Healthcare ETF,ICICI Prudential Nifty Healthcare ETF,seeded,shortcode,2026-06,latest
icici-prudential-mutual-fund,HOUSING,,150310,ICICI PRUDENTIAL HOUSING OPPORTUNITIES FUND,ICICI PRUDENTIAL HOUSING OPPORTUNITIES FUND,seeded,shortcode,2026-06,latest
icici-prudential-mutual-fund,ICICI Prudential Children’s Fund,,120579,ICICI Prudential Children's Fund,ICICI Prudential Children’s Fund,seeded,name_match,latest,latest
icici-prudential-mutual-fund,ICICI Prudential Equity & Debt Fund,,120251,ICICI Prudential Equity & Debt Fund,ICICI Prudential Equity & Debt Fund,seeded,name_match,latest,latest
icici-prudential-mutual-fund,ICICI Prudential Quant Fund,,148600,ICICI Prudential Quant Fund,ICICI Prudential Quant Fund,seeded,name_match,latest,latest
icici-prudential-mutual-fund,ICICI Prudential Ultra Short Term Fund,,120676,ICICI Prudential Ultra Short Term Fund,ICICI Prudential Ultra Short Term Fund,seeded,name_match,latest,latest
icici-prudential-mutual-fund,INDEQTY,,148035,ICICI Prudential Diversified Equity All Cap Omni FOF,ICICI Prudential Diversified Equity All Cap Omni FOF,seeded,shortcode,2026-06,latest
icici-prudential-mutual-fund,INDEX500,,153161,ICICI Prudential Nifty 500 Index Fund,ICICI Prudential Nifty 500 Index Fund,seeded,shortcode,2026-06,latest
icici-prudential-mutual-fund,INDOPP,,145898,ICICI Prudential India Opportunities Fund,ICICI Prudential India Opportunities Fund,seeded,shortcode,2026-06,latest
icici-prudential-mutual-fund,INFRA,,120621,ICICI Prudential Infrastructure Fund,ICICI Prudential Infrastructure Fund,seeded,shortcode,2026-06,latest
icici-prudential-mutual-fund,INFRAETF,,150526,ICICI Prudential Nifty Infrastructure ETF,ICICI Prudential Nifty Infrastructure ETF,seeded,shortcode,2026-06,latest
icici-prudential-mutual-fund,INNOVA,,151580,ICICI Prudential Innovation Fund,ICICI Prudential Innovation Fund,seeded,shortcode,2026-06,latest
icici-prudential-mutual-fund,ITETF,,148466,ICICI Prudential Nifty IT ETF,ICICI Prudential Nifty IT ETF,seeded,shortcode,2026-06,latest
icici-prudential-mutual-fund,LARGE & MIDCAP,,120596,ICICI Prudential Large & Mid Cap Fund,ICICI Prudential Large & Mid Cap Fund,seeded,shortcode,latest,latest
icici-prudential-mutual-fund,LIQGRETF,,153378,ICICI Prudential BSE Liquid Rate ETF - Growth,ICICI Prudential BSE Liquid Rate ETF - Growth,seeded,shortcode,2026-06,latest
icici-prudential-mutual-fund,LIQUID,,120197,ICICI Prudential Liquid Fund,ICICI Prudential Liquid Fund,seeded,shortcode,latest,latest
icici-prudential-mutual-fund,LIQUIDETF,,144947,ICICI Prudential BSE Liquid Rate ETF - IDCW,ICICI Prudential BSE Liquid Rate ETF - IDCW,seeded,shortcode,2026-06,latest
icici-prudential-mutual-fund,LT BOND,,120743,ICICI Prudential Long Term Bond Fund,ICICI Prudential Long Term Bond Fund,seeded,shortcode,latest,latest
icici-prudential-mutual-fund,LTEF,,120592,ICICI Prudential ELSS Tax Saver Fund,ICICI Prudential ELSS Tax Saver Fund,seeded,shortcode,2026-06,latest
icici-prudential-mutual-fund,LTWEF,,142133,ICICI Prudential Long Term Wealth Enhancement Fund,ICICI Prudential Long Term Wealth Enhancement Fund,seeded,shortcode,2026-06,latest
icici-prudential-mutual-fund,MASFOF,,149441,ICICI Prudential Passive Multi - Asset Fund of Funds,ICICI Prudential Passive Multi-Asset Fund of Fund,seeded,shortcode,2026-06,latest
icici-prudential-mutual-fund,MATGILT,,131061,ICICI Prudential Constant Maturity Gilt Fund,ICICI Prudential Constant Maturity Gilt Fund,seeded,shortcode,2026-06,latest
icici-prudential-mutual-fund,MD150ETF,,147921,ICICI Prudential Nifty Midcap 150 ETF,ICICI Prudential Nifty Midcap 150 ETF,seeded,shortcode,2026-06,latest
icici-prudential-mutual-fund,MDMTERM BOND,,120670,ICICI Prudential Medium Term Bond Fund,ICICI Prudential Medium Term Bond Fund,seeded,shortcode,latest,latest
icici-prudential-mutual-fund,METALETF,,152769,ICICI Prudential Nifty Metal ETF,ICICI Prudential Nifty Metal ETF,seeded,shortcode,2026-06,latest
icici-prudential-mutual-fund,MGFINDIA,,145076,ICICI Prudential Manufacturing Fund,ICICI Prudential Manufacturing Fund,seeded,shortcode,2026-06,latest
icici-prudential-mutual-fund,MID150,,149389,ICICI Prudential Nifty Midcap 150 Index Fund,ICICI Prudential Nifty Midcap 150 Index Fund,seeded,shortcode,2026-06,latest
icici-prudential-mutual-fund,MIDCAP,,120381,ICICI Prudential MidCap Fund,ICICI Prudential Midcap Fund,seeded,shortcode,2026-06,latest
icici-prudential-mutual-fund,MIDETF,,139519,ICICI Prudential BSE Midcap Select ETF,ICICI Prudential BSE Midcap Select ETF,seeded,shortcode,2026-06,latest
icici-prudential-mutual-fund,MNCFUND,,147346,ICICI Prudential MNC Fund,ICICI Prudential MNC Fund,seeded,shortcode,2026-06,latest
icici-prudential-mutual-fund,MODER,,120679,ICICI Prudential Dynamic Asset Allocation Active FOF,ICICI Prudential Dynamic Asset Allocation Active FOF,seeded,shortcode,2026-06,latest
icici-prudential-mutual-fund,MOMACT,,153684,ICICI Prudential Active Momentum Fund,ICICI Prudential Active Momentum Fund,seeded,shortcode,2026-06,latest
icici-prudential-mutual-fund,MOMDEX,,150452,ICICI Prudential Nifty 200 Momentum 30 Index Fund,ICICI Prudential Nifty 200 Momentum 30 Index Fund,seeded,shortcode,2026-06,latest
icici-prudential-mutual-fund,MOMETF,,150455,ICICI Prudential Nifty 200 Momentum 30 ETF,ICICI Prudential Nifty 200 Momentum 30 ETF,seeded,shortcode,2026-06,latest
icici-prudential-mutual-fund,MULTI,,120334,ICICI Prudential Multi - Asset Fund,ICICI Prudential Multi-Asset Fund,seeded,shortcode,2026-06,latest
icici-prudential-mutual-fund,MULTICAP,,120599,ICICI Prudential Multicap Fund,ICICI Prudential Multicap Fund,seeded,shortcode,2026-06,latest
icici-prudential-mutual-fund,MULTIFOF,,154449,ICICI Prudential Multi - Asset Active FOF,ICICI Prudential Multi-Asset Active FOF,seeded,shortcode,latest,latest
icici-prudential-mutual-fund,N200ETF,,151907,ICICI Prudential Nifty 200 Quality 30 ETF,ICICI Prudential Nifty 200 Quality 30 ETF,seeded,shortcode,2026-06,latest
icici-prudential-mutual-fund,N250DEX,,152482,ICICI Prudential Nifty LargeMidcap 250 Index Fund,ICICI Prudential Nifty LargeMidcap250 Index Fund,seeded,shortcode,2026-06,latest
icici-prudential-mutual-fund,NASDAQ,,149219,ICICI Prudential NASDAQ 100 Index Fund,ICICI Prudential NASDAQ 100 Index Fund,seeded,shortcode,2026-06,latest
icici-prudential-mutual-fund,NIF30DEX,,152936,ICICI Prudential Nifty200 Value 30 Index Fund,ICICI Prudential Nifty200 Value 30 Index Fund,seeded,shortcode,2026-06,latest
icici-prudential-mutual-fund,NIF30ETF,,152932,ICICI Prudential Nifty200 Value 30 ETF,ICICI Prudential Nifty200 Value 30 ETF,seeded,shortcode,2026-06,latest
icici-prudential-mutual-fund,NIFETF,,121366,ICICI Prudential Nifty 50 ETF,ICICI Prudential Nifty 50 ETF,seeded,shortcode,2026-06,latest
icici-prudential-mutual-fund,NIFEVETF,,153397,ICICI Prudential Nifty EV & New Age Automotive ETF,ICICI Prudential Nifty EV & New Age Automotive ETF,seeded,shortcode,2026-06,latest
icici-prudential-mutual-fund,NIFEVFOF,,153394,ICICI Prudential Nifty EV & New Age Automotive ETF FOF,ICICI Prudential Nifty EV & New Age Automotive ETF FOF,seeded,shortcode,2026-06,latest
icici-prudential-mutual-fund,NIFJUN,,120684,ICICI Prudential Nifty Next 50 Index Fund,ICICI Prudential Nifty Next 50 Index Fund,seeded,shortcode,2026-06,latest
icici-prudential-mutual-fund,NIFOGETF,,152748,ICICI Prudential Nifty Oil & Gas ETF,ICICI Prudential Nifty Oil & Gas ETF,seeded,shortcode,2026-06,latest
icici-prudential-mutual-fund,NIFSDL,,149999,ICICI Prudential Nifty SDL Sep 2027 Index Fund,ICICI Prudential Nifty SDL Sep 2027 Index Fund,seeded,shortcode,2026-06,latest
icici-prudential-mutual-fund,NIFTYIT,,150468,ICICI Prudential Nifty IT Index Fund,ICICI Prudential Nifty IT Index Fund,seeded,shortcode,2026-06,latest
icici-prudential-mutual-fund,NN50ETF,,144587,ICICI Prudential Nifty Next 50 ETF,ICICI Prudential Nifty Next 50 ETF,seeded,shortcode,2026-06,latest
icici-prudential-mutual-fund,NS250ETF,,154404,ICICI Prudential Nifty Smallcap 250 ETF,ICICI Prudential Nifty Smallcap 250 ETF,seeded,shortcode,2026-06,latest
icici-prudential-mutual-fund,NV20DEX,,152365,ICICI Prudential Nifty50 Value 20 Index Fund,ICICI Prudential Nifty50 Value 20 Index Fund,seeded,shortcode,2026-06,latest
icici-prudential-mutual-fund,NV20ETF,,139455,ICICI Prudential Nifty50 Value 20 ETF,ICICI Prudential Nifty50 Value 20 ETF,seeded,shortcode,2026-06,latest
icici-prudential-mutual-fund,NV30ETF,,141596,ICICI Prudential Nifty 100 Low Volatility 30 ETF,ICICI Prudential Nifty 100 Low Volatility 30 ETF,seeded,shortcode,2026-06,latest
icici-prudential-mutual-fund,NV30FOF,,148822,ICICI Prudential Nifty 100 Low Volatility 30 ETF FOF,ICICI Prudential Nifty 100 Low Volatility 30 ETF FOF,seeded,shortcode,2026-06,latest
icici-prudential-mutual-fund,OVERNITE,,145536,ICICI Prudential Overnight Fund,ICICI Prudential Overnight Fund,seeded,shortcode,2026-06,latest
icici-prudential-mutual-fund,PHARMA,,143876,ICICI Prudential Pharma Healthcare and Diagnostics (P.H.D) Fund,ICICI Prudential Pharma Healthcare and Diagnostics (P.H.D) Fund,seeded,shortcode,2026-06,latest
icici-prudential-mutual-fund,PHARMDEX,,150930,ICICI Prudential Nifty Pharma Index Fund,ICICI Prudential Nifty Pharma Index Fund,seeded,shortcode,2026-06,latest
icici-prudential-mutual-fund,PSUEQU,,150539,ICICI Prudential PSU Equity Fund,ICICI PRUDENTIAL PSU EQUITY FUND,seeded,shortcode,2026-06,latest
icici-prudential-mutual-fund,PSUETF,,151572,ICICI Prudential Nifty PSU Bank ETF,ICICI Prudential Nifty PSU Bank ETF,seeded,shortcode,2026-06,latest
icici-prudential-mutual-fund,PSUSDL,,149210,ICICI Prudential Nifty PSU Bond Plus SDL Sep 2027 40:60 Index Fund,ICICI Prudential Nifty PSU Bond Plus SDL Sep 2027 4060 Index Fund,seeded,shortcode,2026-06,latest
icici-prudential-mutual-fund,PVTDEX,,153679,ICICI Prudential Nifty Private Bank Index Fund,ICICI Prudential Nifty Private Bank Index Fund,seeded,shortcode,2026-06,latest
icici-prudential-mutual-fund,PVTETF,,147530,ICICI Prudential Nifty Private Bank ETF,ICICI Prudential Nifty Private Bank ETF,seeded,shortcode,2026-06,latest
icici-prudential-mutual-fund,QUA30DEX,,153546,ICICI Prudential Nifty200 Quality 30 Index Fund,ICICI Prudential Nifty200 Quality 30 Index Fund,seeded,shortcode,2026-06,latest
icici-prudential-mutual-fund,QUALITY,,153458,ICICI Prudential Quality Fund,ICICI Prudential Quality Fund,seeded,shortcode,2026-06,latest
icici-prudential-mutual-fund,REGGOLD,,120685,ICICI Prudential Gold ETF FOF,ICICI Prudential Gold ETF FOF,seeded,shortcode,2026-06,latest
icici-prudential-mutual-fund,RETIREAG,,146721,ICICI Prudential Retirement Fund - Hybrid Aggressive,ICICI Prudential Retirement Fund - Hybrid Aggressive Plan,seeded,shortcode,2026-06,latest
icici-prudential-mutual-fund,RETIRECO,,146716,ICICI Prudential Retirement Fund - Hybrid Conservative,ICICI Prudential Retirement Fund - Hybrid Conservative Plan,seeded,shortcode,2026-06,latest
icici-prudential-mutual-fund,RETIREDE,,146727,ICICI Prudential Retirement Fund - Pure Debt,ICICI Prudential Retirement Fund - Pure Debt Plan,seeded,shortcode,2026-06,latest
icici-prudential-mutual-fund,RETIREEQ,,146349,ICICI Prudential Retirement Fund - Pure Equity,ICICI Prudential Retirement Fund - Pure Equity Plan,seeded,shortcode,2026-06,latest
icici-prudential-mutual-fund,RSF,,120398,ICICI Prudential Savings Fund,ICICI Prudential Regular Savings Fund,seeded,shortcode,2026-06,latest
icici-prudential-mutual-fund,RURALOPP,,153184,ICICI Prudential Rural Opportunities Fund,ICICI Prudential Rural Opportunities Fund,seeded,shortcode,2026-06,latest
icici-prudential-mutual-fund,SAVING,,120398,ICICI Prudential Savings Fund,ICICI Prudential Savings Fund,seeded,shortcode,2026-06,latest
icici-prudential-mutual-fund,SDL2026,,151211,ICICI Prudential Nifty SDL Sep 2026 Index Fund,ICICI Prudential Nifty SDL Sep 2026 Index Fund,seeded,shortcode,2026-06,latest
icici-prudential-mutual-fund,SDL2028,,150729,ICICI Prudential Nifty SDL Dec 2028 Index Fund,ICICI Prudential Nifty SDL Dec 2028 Index Fund,seeded,shortcode,2026-06,latest
icici-prudential-mutual-fund,SEASONS BOND,,120603,ICICI Prudential All Seasons Bond Fund,ICICI Prudential All Seasons Bond Fund,seeded,shortcode,latest,latest
icici-prudential-mutual-fund,SHTERM BOND,,120754,ICICI Prudential Short Term Fund,ICICI Prudential Short Term Fund,seeded,shortcode,latest,latest
icici-prudential-mutual-fund,SILFOF,,149775,ICICI Prudential Silver ETF FOF,ICICI Prudential Silver ETF FOF,seeded,shortcode,2026-06,latest
icici-prudential-mutual-fund,SILVER,,149464,ICICI PRUDENTIAL SILVER ETF,ICICI PRUDENTIAL SILVER ETF,seeded,shortcode,2026-06,latest
icici-prudential-mutual-fund,SINDEX,,141842,ICICI Prudential BSE Sensex Index Fund,ICICI Prudential BSE Sensex Index Fund,seeded,shortcode,2026-06,latest
icici-prudential-mutual-fund,SMADEX,,149283,ICICI Prudential Nifty Smallcap 250 Index Fund,ICICI Prudential Nifty Smallcap 250 Index Fund,seeded,shortcode,2026-06,latest
icici-prudential-mutual-fund,SMALL,,120591,ICICI Prudential Smallcap Fund,ICICI Prudential Smallcap Fund,seeded,shortcode,2026-06,latest
icici-prudential-mutual-fund,SMEFOF,,149455,ICICI Prudential Strategic Metal and Energy Equity Fund of Fund,ICICI Prudential Strategic Metal and Energy Equity Fund of Fund,seeded,shortcode,2026-06,latest
icici-prudential-mutual-fund,SNPFOF,,149331,ICICI Prudential BSE 500 ETF FOF,ICICI Prudential BSE 500 ETF FOF,seeded,shortcode,2026-06,latest
icici-prudential-mutual-fund,SPBSEETF,,143247,ICICI Prudential BSE 500 ETF,ICICI Prudential BSE 500 ETF,seeded,shortcode,2026-06,latest
icici-prudential-mutual-fund,SPICE,,101705,ICICI Prudential BSE Sensex ETF,ICICI Prudential BSE Sensex ETF,seeded,shortcode,2026-06,latest
icici-prudential-mutual-fund,TECH,,120594,ICICI Prudential Technology Fund,ICICI Prudential Technology Fund,seeded,shortcode,2026-06,latest
icici-prudential-mutual-fund,TRANSPO,,150685,ICICI PRUDENTIAL TRANSPORTATION AND LOGISTICS FUND,ICICI Prudential Transportation and Logistics Fund,seeded,shortcode,2026-06,latest
icici-prudential-mutual-fund,USBLUE,,120186,ICICI Prudential US Bluechip Equity Fund,ICICI Prudential US Bluechip Equity Fund,seeded,shortcode,2026-06,latest
icici-prudential-mutual-fund,VARIANCE,,153070,ICICI Prudential Equity Minimum Variance Fund,ICICI Prudential Equity Minimum Variance Fund,seeded,shortcode,2026-06,latest
icici-prudential-mutual-fund,VERAGG,,120700,ICICI Prudential Aggressive Hybrid Active FOF,ICICI Prudential Aggressive Hybrid Active FOF,seeded,shortcode,2026-06,latest
icici-prudential-mutual-fund,VERCAU,,120702,ICICI Prudential Diversified Debt Strategy Active FOF,ICICI Prudential Diversified Debt Strategy Active FOF,seeded,shortcode,2026-06,latest
invesco-mutual-fund,GILT,,120520,Invesco India Gilt Fund,Invesco India Gilt Fund,seeded,name_match,2026-06,2026-06
invesco-mutual-fund,IARBPFOF,,153697,Invesco India Income Plus Arbitrage Active Fund of Fund,Invesco India Income Plus Arbitrage Active Fund of Fund,seeded,shortcode,2026-06,latest
invesco-mutual-fund,IBCF,,153291,Invesco India Business Cycle Fund,Invesco India Business Cycle Fund,seeded,shortcode,2026-06,latest
invesco-mutual-fund,IBSESXF,,154340,Invesco India BSE Sensex Index Fund,Invesco India BSE Sensex Index Fund,seeded,shortcode,2026-06,latest
invesco-mutual-fund,IEBF,,143537,Invesco India Aggressive Hybrid Fund,Invesco India Aggressive Hybrid Fund,seeded,shortcode,2026-06,latest
invesco-mutual-fund,IENEFOF,,149961,Invesco India - Invesco EQQQ Nasdaq - 100 ETF Fund of Fund,Invesco India - Invesco EQQQ NASDAQ-100 ETF Fund of Fund,seeded,shortcode,2026-06,latest
invesco-mutual-fund,IESF,,146457,Invesco India Equity Savings Fund,Invesco India Equity Savings Fund,seeded,shortcode,2026-06,latest
invesco-mutual-fund,IESGEF,,148751,Invesco India ESG Integration Strategy Fund,Invesco India ESG Integration Strategy Fund,seeded,shortcode,2026-06,latest
invesco-mutual-fund,IFCF,,149763,Invesco India Flexi Cap Fund,Invesco India Flexi Cap Fund,seeded,shortcode,2026-06,latest
invesco-mutual-fund,IFEF,,148481,Invesco India Focused Fund,Invesco India Focused Fund,seeded,shortcode,2026-06,latest
invesco-mutual-fund,IGCTFOF,,148614,Invesco India - Invesco Global Consumer Trends Fund of Fund,Invesco India - Invesco Global Consumer Trends Fund of Fund,seeded,shortcode,2026-06,latest
invesco-mutual-fund,IICOMF,,153900,Invesco India Consumption Fund,Invesco India Consumption Fund,seeded,shortcode,2026-06,latest
invesco-mutual-fund,IMAAF,,153047,Invesco India Multi Asset Allocation Fund,Invesco India Multi Asset Allocation Fund,seeded,shortcode,2026-06,latest
invesco-mutual-fund,IMDF,,149011,Invesco India Medium Duration Fund,Invesco India Medium Duration Fund,seeded,shortcode,2026-06,latest
invesco-mutual-fund,IMFGF,,152756,Invesco India Manufacturing Fund,Invesco India Manufacturing Fund,seeded,shortcode,2026-06,latest
invesco-mutual-fund,INFTINXF,,154343,Invesco India Nifty Bank Index Fund,Invesco India Nifty Bank Index Fund,seeded,shortcode,2026-06,latest
invesco-mutual-fund,INGJ27,,151593,Invesco India Nifty G - sec Jul 2027 Index Fund,Invesco India Nifty G-sec Jul 2027 Index Fund,seeded,shortcode,2026-06,latest
invesco-mutual-fund,INGS32,,151597,Invesco India Nifty G - sec Sep 2032 Index Fund,Invesco India Nifty G-sec Sep 2032 Index Fund,seeded,shortcode,2026-06,latest
invesco-mutual-fund,IOF,,147883,Invesco India Overnight Fund,Invesco India Overnight Fund,seeded,shortcode,2026-06,latest
invesco-mutual-fund,ISCF,,145137,Invesco India Smallcap Fund,Invesco India Smallcap Fund,seeded,shortcode,2026-06,latest
invesco-mutual-fund,ITECHF,,152863,Invesco India Technology Fund,Invesco India Technology Fund,seeded,shortcode,2026-06,latest
invesco-mutual-fund,RAIF,,120497,Invesco India Corporate Bond Fund,Invesco India Corporate Bond Fund,seeded,shortcode,2026-06,latest
invesco-mutual-fund,RARBF,,120401,Invesco India Arbitrage Fund,Invesco India Arbitrage Fund,seeded,shortcode,2026-06,latest
invesco-mutual-fund,RBDF,,120444,Invesco India Banking and PSU Fund,Invesco India Banking and PSU Fund,seeded,shortcode,2026-06,latest
invesco-mutual-fund,RBF,,120385,Invesco India Financial Services Fund,Invesco India Financial Services Fund,seeded,shortcode,2026-06,latest
invesco-mutual-fund,RBLF,,120392,Invesco India Largecap Fund,Invesco India Largecap Fund,seeded,shortcode,2026-06,latest
invesco-mutual-fund,RCF,,120348,Invesco India Contra Fund,Invesco India Contra Fund,seeded,shortcode,2026-06,latest
invesco-mutual-fund,RCOF,,120507,Invesco India Money Market Fund,Invesco India Money Market Fund,seeded,shortcode,2026-06,latest
invesco-mutual-fund,REF,,120333,Invesco India Balanced Advantage Fund,Invesco India Balanced Advantage Fund,seeded,shortcode,2026-06,latest
invesco-mutual-fund,RGF,,120357,Invesco India Large & Mid Cap Fund,Invesco India Large & Mid Cap Fund,seeded,shortcode,2026-06,latest
invesco-mutual-fund,RGILTL,,120520,Invesco India Gilt Fund,Invesco India Gilt Fund,seeded,shortcode,2026-06,latest
invesco-mutual-fund,RGOLDETF,,112368,Invesco India Gold Exchange Traded Fund,Invesco India Gold Exchange Traded Fund,seeded,shortcode,2026-06,latest
invesco-mutual-fund,RGOLDFOF,,120531,Invesco India Gold ETF Fund of Fund,Invesco India Gold ETF Fund of Fund,seeded,shortcode,2026-06,latest
invesco-mutual-fund,RICBOF,,130722,Invesco India Credit Risk Fund,Invesco India Credit Risk Fund,seeded,shortcode,2026-06,latest
invesco-mutual-fund,RIF,,120405,Invesco India Infrastructure Fund,Invesco India Infrastructure Fund,seeded,shortcode,2026-06,latest
invesco-mutual-fund,RIGEIF,,129188,Invesco India - Invesco Global Equity Income Fund of Fund,Invesco India - Invesco Global Equity Income Fund of Fund,seeded,shortcode,2026-06,latest
invesco-mutual-fund,RIPEEF,,126353,Invesco India - Invesco Pan European Equity Fund of Fund,Invesco India - Invesco Pan European Equity Fund of Fund,seeded,shortcode,2026-06,latest
invesco-mutual-fund,RLF,,120537,Invesco India Liquid Fund,Invesco India Liquid Fund,seeded,shortcode,2026-06,latest
invesco-mutual-fund,RMCF,,120403,Invesco India Midcap Fund,Invesco India Midcap Fund,seeded,shortcode,2026-06,latest
invesco-mutual-fund,RMSCF,,120413,Invesco India Multicap Fund,Invesco India Multicap Fund,seeded,shortcode,2026-06,latest
invesco-mutual-fund,RMTBF,,120541,Invesco India Ultra Short Duration Fund,Invesco India Ultra Short Duration Fund,seeded,shortcode,2026-06,latest
invesco-mutual-fund,RNIFTY1,RNIFTY,115284,Invesco India Nifty 50 Exchange Traded Fund,Invesco India NIFTY 50 Exchange Traded Fund,seeded,shortcode,2026-06,latest
invesco-mutual-fund,RPSUEF,,120395,Invesco India PSU Equity Fund,Invesco India PSU Equity Fund,seeded,shortcode,2026-06,latest
invesco-mutual-fund,RSTP,,120560,Invesco India Short Duration Fund,Invesco India Short Duration Fund,seeded,shortcode,2026-06,latest
invesco-mutual-fund,RTP,,120416,Invesco India ELSS Tax Saver Fund,Invesco India ELSS Tax Saver Fund,seeded,shortcode,2026-06,latest
invesco-mutual-fund,RUSTF,,120570,Invesco India Low Duration Fund,Invesco India Low Duration Fund,seeded,shortcode,2026-06,latest
iti-mutual-fund,ITIAF,,147617,ITI Arbitrage Fund,ITI Arbitrage Fund,seeded,shortcode,2026-06,latest
iti-mutual-fund,ITIBAF,,147789,ITI Balanced Advantage Fund,ITI Balanced Advantage Fund,seeded,shortcode,2026-06,latest
iti-mutual-fund,ITIBCF,,153260,ITI Bharat Consumption Fund,ITI Bharat Consumption Fund,seeded,shortcode,2026-06,latest
iti-mutual-fund,ITIBCL,,154157,ITI Business Cycle Fund,ITI Business Cycle Fund,seeded,shortcode,2026-06,latest
iti-mutual-fund,ITIBFS,,149321,ITI Banking and Financial Services Fund,ITI Banking and Financial Services Fund,seeded,shortcode,2026-06,latest
iti-mutual-fund,ITIBPSU,,148534,ITI Banking & PSU Debt Fund,ITI Banking & PSU Debt Fund,seeded,shortcode,2026-06,latest
iti-mutual-fund,ITIDYBF,,149029,ITI Dynamic Term Fund,ITI Dynamic Bond Fund,seeded,shortcode,2026-06,latest
iti-mutual-fund,ITIFCF,,151379,ITI Flexi Cap Fund,ITI Flexi Cap Fund,seeded,shortcode,2026-06,latest
iti-mutual-fund,ITIFEF,,151777,ITI Focused Fund,ITI Focused Equity Fund,seeded,shortcode,2026-06,latest
iti-mutual-fund,ITILCF,,148353,ITI Large Cap Fund,ITI Large Cap Fund,seeded,shortcode,2026-06,latest
iti-mutual-fund,ITILF,,147157,ITI Liquid Fund,ITI Liquid Fund,seeded,shortcode,2026-06,latest
iti-mutual-fund,ITILMF,,152821,ITI Large & Midcap Fund,ITI Large & Mid Cap Fund,seeded,shortcode,2026-06,latest
iti-mutual-fund,ITILTE,,147541,ITI ELSS Tax Saver Fund,ITI ELSS Tax Saver Fund,seeded,shortcode,2026-06,latest
iti-mutual-fund,ITIMCF,,147183,ITI Multi Cap Fund,ITI Multi Cap Fund,seeded,shortcode,2026-06,latest
iti-mutual-fund,ITIMID,,148733,ITI Mid Cap Fund,ITI Mid Cap Fund,seeded,shortcode,2026-06,latest
iti-mutual-fund,ITIONF,,147713,ITI Overnight Fund,ITI Overnight Fund,seeded,shortcode,2026-06,latest
iti-mutual-fund,ITIPHF,,149268,ITI Pharma and Healthcare Fund,ITI Pharma and Healthcare Fund,seeded,shortcode,2026-06,latest
iti-mutual-fund,ITISCF,,147919,ITI Small Cap Fund,ITI Small Cap Fund,seeded,shortcode,2026-06,latest
iti-mutual-fund,ITIUSDF,,148913,ITI Ultra Short Term Fund,ITI Ultra Short Duration Fund,seeded,shortcode,2026-06,latest
iti-mutual-fund,ITIVF,,148972,ITI Value Fund,ITI MUTUAL FUND (LIVE SCHEMES),seeded,shortcode,2026-06,latest
jio-blackrock-mutual-fund,JBARB,,154076,JioBlackRock Arbitrage Fund,JioBlackRock Arbitrage Fund,seeded,shortcode,2026-06,latest
jio-blackrock-mutual-fund,JBFLEXI,,153859,JioBlackRock Flexi Cap Fund,JioBlackRock Flexi Cap Fund,seeded,shortcode,2026-06,latest
jio-blackrock-mutual-fund,JBLARGE,,154307,JioBlackRock Large Cap Fund,JioBlackRock Large Cap Fund,seeded,shortcode,2026-06,latest
jio-blackrock-mutual-fund,JBLF,,153651,JioBlackRock Liquid Fund,JioBlackRock Liquid Fund,seeded,shortcode,2026-06,latest
jio-blackrock-mutual-fund,JBLOW,,154081,JioBlackRock Low Duration Fund,JioBlackRock Low Duration Fund,seeded,shortcode,2026-06,latest
jio-blackrock-mutual-fund,JBMMF,,153649,JioBlackRock Money Market Fund,JioBlackRock Money Market Fund,seeded,shortcode,2026-06,latest
jio-blackrock-mutual-fund,JBN50,,153787,JioBlackRock Nifty 50 Index Fund,JioBlackRock Nifty 50 Index Fund,seeded,shortcode,2026-06,latest
jio-blackrock-mutual-fund,JBN813,,153791,JioBlackRock Nifty 8 - 13 yr G - Sec Index Fund,JioBlackRock Nifty 8-13 yr G-Sec Index Fund,seeded,shortcode,2026-06,latest
jio-blackrock-mutual-fund,JBNM150,,153788,JioBlackRock Nifty Midcap 150 Index Fund,JioBlackRock Nifty Midcap 150 Index Fund,seeded,shortcode,2026-06,latest
jio-blackrock-mutual-fund,JBNNX50,,153789,JioBlackRock Nifty Next 50 Index Fund,JioBlackRock Nifty Next 50 Index Fund,seeded,shortcode,2026-06,latest
jio-blackrock-mutual-fund,JBNS250,,153790,JioBlackRock Nifty Smallcap 250 Index Fund,JioBlackRock Nifty Smallcap 250 Index Fund,seeded,shortcode,2026-06,latest
jio-blackrock-mutual-fund,JBOF,,153650,JioBlackRock Overnight Fund,JioBlackRock Overnight Fund,seeded,shortcode,2026-06,latest
jio-blackrock-mutual-fund,JBSECRO,,154082,JioBlackRock Sector Rotation Fund,JioBlackRock Sector Rotation Fund,seeded,shortcode,2026-06,latest
jio-blackrock-mutual-fund,JBSHORT,,154079,JioBlackRock Short Duration Fund,JioBlackRock Short Duration Fund,seeded,shortcode,2026-06,latest
jm-financial-mutual-fund,JM Aggressive Hybrid Fund,,120484,JM Aggressive Hybrid Fund,JM Aggressive Hybrid Fund,seeded,shortcode,latest,latest
jm-financial-mutual-fund,JM Arbitrage Fund,,120482,JM Arbitrage Fund,JM Arbitrage Fund,seeded,shortcode,latest,latest
jm-financial-mutual-fund,JM Dynamic Bond Fund,,120435,JM Dynamic Bond Fund,JM Dynamic Bond Fund,seeded,shortcode,latest,latest
jm-financial-mutual-fund,JM ELSS Tax Saver Fund,,120494,JM ELSS Tax Saver Fund,JM ELSS Tax Saver Fund,seeded,shortcode,latest,latest
jm-financial-mutual-fund,JM Flexicap Fund,,120492,JM Flexicap Fund,JM Flexicap Fund,seeded,shortcode,latest,latest
jm-financial-mutual-fund,JM Focused Fund,,120488,JM Focused Fund,JM Focused Fund,seeded,shortcode,latest,latest
jm-financial-mutual-fund,JM Large Cap Fund,,120490,JM Large Cap Fund,JM Large Cap Fund,seeded,shortcode,latest,latest
jm-financial-mutual-fund,JM Large and Midcap Fund,,153629,JM Large & Mid Cap Fund,JM Large and Midcap Fund,seeded,shortcode,latest,latest
jm-financial-mutual-fund,JM Liquid Fund,,120406,JM Liquid Fund,JM Liquid Fund,seeded,shortcode,latest,latest
jm-financial-mutual-fund,JM Low Duration Fund,,143612,JM Low Duration Fund,JM Low Duration Fund,seeded,shortcode,latest,latest
jm-financial-mutual-fund,JM Medium to Long Duration Fund,,120430,JM Medium to Long Duration Fund,JM Medium to Long Duration Fund,seeded,shortcode,latest,latest
jm-financial-mutual-fund,JM Midcap Fund,,150815,JM Midcap Fund,JM Midcap Fund,seeded,shortcode,latest,latest
jm-financial-mutual-fund,JM Multi Asset Allocation Fund,,154423,JM Multi Asset Allocation Fund,JM Multi Asset Allocation Fund (,seeded,shortcode,latest,latest
jm-financial-mutual-fund,JM Overnight Fund,,147837,JM Overnight Fund,JM Overnight Fund,seeded,shortcode,latest,latest
jm-financial-mutual-fund,JM Short Duration Fund,,150545,JM Short Duration Fund,JM Short Duration Fund,seeded,shortcode,latest,latest
jm-financial-mutual-fund,JM Small Cap Fund,,152614,JM Small Cap Fund,JM Small Cap Fund,seeded,shortcode,latest,latest
jm-financial-mutual-fund,JM Value Fund,,120486,JM Value Fund,JM Value Fund,seeded,shortcode,latest,latest
kotak-mahindra-mutual-fund,A50,,153781,Kotak Nifty Alpha 50 Index Fund,Kotak Nifty Alpha 50 Index Fund,seeded,shortcode,2026-06,latest
kotak-mahindra-mutual-fund,AL3,,154388,Kotak Nifty Alpha Low Volatility 30 Index Fund,KOTAK NIFTY ALPHA LOW VOLATILITY 30 INDEX FUND,seeded,shortcode,2026-06,latest
kotak-mahindra-mutual-fund,ALF,,149397,Kotak Nifty Alpha 50 ETF,Kotak Nifty Alpha 50 ETF,seeded,shortcode,2026-06,latest
kotak-mahindra-mutual-fund,B01,,149855,Kotak Nifty SDL Apr 2027 Top 12 Equal Weight Index Fund,Kotak Nifty SDL Apr 2027 Top 12 Equal Weight Index Fund,seeded,shortcode,2026-06,latest
kotak-mahindra-mutual-fund,B02,,149865,Kotak Nifty SDL Apr 2032 Top 12 Equal Weight Index Fund,Kotak Nifty SDL Apr 2032 Top 12 Equal Weight Index Fund,seeded,shortcode,2026-06,latest
kotak-mahindra-mutual-fund,B03,,150725,Kotak Nifty SDL Plus AAA PSU Bond Jul 2028 60:40 Index Fund,Kotak Nifty SDL Plus AAA PSU Bond Jul 2028 60 - 40 Index Fund,seeded,shortcode,2026-06,latest
kotak-mahindra-mutual-fund,B05,,151218,Kotak Nifty SDL Jul 2026 Index Fund,Kotak Nifty SDL Jul 2026 Index Fund,seeded,shortcode,2026-06,latest
kotak-mahindra-mutual-fund,B06,,151420,Kotak Nifty SDL Jul 2033 Index Fund,Kotak Nifty SDL Jul 2033 Index Fund,seeded,shortcode,2026-06,latest
kotak-mahindra-mutual-fund,B08,,152098,Kotak Nifty G - Sec July 2033 Index Fund,Kotak Nifty G-Sec July 2033 Index Fund,seeded,shortcode,2026-06,latest
kotak-mahindra-mutual-fund,B10,,152869,Kotak CRISIL - IBX AAA Financial Services Index Sep - 2027 Fund,Kotak CRISIL-IBX AAA Financial Services Index-Sep 2027 Fund,seeded,shortcode,2026-06,latest
kotak-mahindra-mutual-fund,B11,,153313,Kotak CRISIL - IBX AAA Bond Financial Services Index Dec 2026 Fund,Kotak CRISIL- IBX AAA Bond Financial Services Index - Dec 2026 Fund,seeded,shortcode,2026-06,latest
kotak-mahindra-mutual-fund,B12,,153372,Kotak CRISIL - IBX Financial Services 3 - 6 Months Debt Index Fund,KOTAK CRISIL-IBX FINANCIAL SERVICES 3-6 MONTHS DEBT INDEX FUND,seeded,shortcode,2026-06,latest
kotak-mahindra-mutual-fund,B13,,153680,Kotak Nifty AAA Bond Financial Services Mar 2028 Index Fund,Kotak Nifty AAA Bond Financial Services Mar 2028 Index Fund,seeded,shortcode,2026-06,latest
kotak-mahindra-mutual-fund,B14,,153875,Kotak CRISIL - IBX Financial Services 9 to 12 Months Debt Index Fund,Kotak CRISIL-IBX Financial Services 9 to 12 Months Debt Index Fund,seeded,shortcode,2026-06,latest
kotak-mahindra-mutual-fund,BAL,,133035,Kotak Aggressive Hybrid Fund,Kotak Aggressive Hybrid Fund,seeded,shortcode,2026-06,latest
kotak-mahindra-mutual-fund,BEF,,133122,Kotak Nifty Bank ETF,Kotak Nifty Bank ETF,seeded,shortcode,2026-06,latest
kotak-mahindra-mutual-fund,BFS,,151384,Kotak Banking & Financial Services Fund,Kotak Banking and Financial Services Fund,seeded,shortcode,2026-06,latest
kotak-mahindra-mutual-fund,BHI,,152039,Kotak BSE Housing Index Fund,Kotak BSE Housing Index Fund,seeded,shortcode,2026-06,latest
kotak-mahindra-mutual-fund,BIF,,152755,Kotak BSE PSU Index Fund,Kotak BSE PSU Index Fund,seeded,shortcode,2026-06,latest
kotak-mahindra-mutual-fund,BON,,119735,Kotak Bond Fund,Kotak Bond Fund,seeded,shortcode,2026-06,latest
kotak-mahindra-mutual-fund,BSI,,153286,Kotak BSE Sensex Index Fund,Kotak BSE Sensex Index Fund,seeded,shortcode,2026-06,latest
kotak-mahindra-mutual-fund,BST,,154510,Kotak Bond Short Term Fund,Kotak Bond Short Term Fund,seeded,shortcode,2026-06,latest
kotak-mahindra-mutual-fund,BTF,,106929,Kotak Nifty PSU Bank ETF,Kotak Nifty PSU Bank ETF,seeded,shortcode,2026-06,latest
kotak-mahindra-mutual-fund,CHE,,153934,Kotak Nifty Chemicals ETF,Kotak Nifty Chemicals ETF,seeded,shortcode,2026-06,latest
kotak-mahindra-mutual-fund,CMP,,152169,Kotak Consumption Fund,Kotak Consumption Fund,seeded,shortcode,2026-06,latest
kotak-mahindra-mutual-fund,CON,,119769,Kotak Contra Fund,Kotak Contra Fund,seeded,shortcode,2026-06,latest
kotak-mahindra-mutual-fund,CPL,,119771,Kotak Arbitrage Fund,Kotak Arbitrage Fund,seeded,shortcode,2026-06,latest
kotak-mahindra-mutual-fund,CRO,,119741,Kotak Credit Risk Fund,Kotak Credit Risk Fund,seeded,shortcode,2026-06,latest
kotak-mahindra-mutual-fund,CTF,,150492,Kotak Nifty India Consumption ETF,Kotak Nifty India Consumption ETF,seeded,shortcode,2026-06,latest
kotak-mahindra-mutual-fund,Common Notes,,151286,Kotak FMP Series 304,Kotak FMP Series 183,seeded,shortcode,latest,latest
kotak-mahindra-mutual-fund,DYF,,154097,Kotak Dividend Yield Fund,Kotak Dividend Yield Fund,seeded,shortcode,2026-06,latest
kotak-mahindra-mutual-fund,ELS,,119773,Kotak ELSS Tax Saver Fund,Kotak ELSS Tax Saver Fund,seeded,shortcode,2026-06,latest
kotak-mahindra-mutual-fund,EME,,119775,Kotak Midcap Fund,Kotak Midcap Fund,seeded,shortcode,2026-06,latest
kotak-mahindra-mutual-fund,ESG,,148606,Kotak ESG Exclusionary Strategy Fund,Kotak ESG Exclusionary Strategy Fund,seeded,shortcode,2026-06,latest
kotak-mahindra-mutual-fund,FLR,,119746,Kotak Money Market Fund,Kotak Money Market Fund,seeded,shortcode,2026-06,latest
kotak-mahindra-mutual-fund,FLT,,119750,Kotak Savings Fund,Kotak Savings Fund,seeded,shortcode,2026-06,latest
kotak-mahindra-mutual-fund,FLX,,119755,Kotak Dynamic Bond Fund,Kotak Dynamic Bond Fund,seeded,shortcode,2026-06,latest
kotak-mahindra-mutual-fund,FOF,,119777,Kotak Multi Asset Omni FOF,Kotak Multi Asset Omni FOF,seeded,shortcode,latest,latest
kotak-mahindra-mutual-fund,GEM,,119779,Kotak Global Emerging Market overseas Equity Omni FOF,Kotak Global Emerging Market Overseas Equity Omni FOF,seeded,shortcode,2026-06,latest
kotak-mahindra-mutual-fund,GIF,,149059,Kotak Global Innovation Overseas Equity Omni FOF,Kotak Global Innovation Overseas Equity Omni FOF,seeded,shortcode,2026-06,latest
kotak-mahindra-mutual-fund,GOF,,119781,Kotak Gold Fund,Kotak Gold Fund,seeded,shortcode,2026-06,latest
kotak-mahindra-mutual-fund,GSF,,153921,Kotak Gold Silver Passive FOF,Kotak Gold Silver Passive FOF,seeded,shortcode,2026-06,latest
kotak-mahindra-mutual-fund,GTF,,106193,KOTAK GOLD ETF,Kotak Gold ETF,seeded,shortcode,2026-06,latest
kotak-mahindra-mutual-fund,HLC,,152214,Kotak Healthcare Fund,Kotak Healthcare Fund,seeded,shortcode,2026-06,latest
kotak-mahindra-mutual-fund,ITF,,148763,Kotak Nifty IT ETF,Kotak Nifty IT ETF,seeded,shortcode,2026-06,latest
kotak-mahindra-mutual-fund,K30,,120152,Kotak Large Cap Fund,Kotak Large Cap Fund,seeded,shortcode,2026-06,latest
kotak-mahindra-mutual-fund,KAM,,153753,Kotak Active Momentum Fund,Kotak Active Momentum Fund,seeded,shortcode,2026-06,latest
kotak-mahindra-mutual-fund,KBA,,144335,Kotak Balanced Advantage Fund,Kotak Balanced Advantage Fund,seeded,shortcode,2026-06,latest
kotak-mahindra-mutual-fund,KBC,,150626,Kotak Business Cycle Fund,Kotak Business Cycle Fund,seeded,shortcode,2026-06,latest
kotak-mahindra-mutual-fund,KCB,,133791,Kotak Corporate Bond Fund,Kotak Corporate Bond Fund,seeded,shortcode,2026-06,latest
kotak-mahindra-mutual-fund,KEO,,153447,Kotak Energy Opportunities Fund,Kotak Energy Opportunities Fund,seeded,shortcode,2026-06,latest
kotak-mahindra-mutual-fund,KFE,,147473,Kotak Focused Fund,Kotak Focused Fund,seeded,shortcode,2026-06,latest
kotak-mahindra-mutual-fund,KFL,,147269,KOTAK FLOATING RATE FUND,Kotak Floating Rate Fund,seeded,shortcode,2026-06,latest
kotak-mahindra-mutual-fund,KGI,,119757,Kotak Gilt - Investment Provident Fund and Trust,Kotak Gilt Fund,seeded,shortcode,2026-06,latest
kotak-mahindra-mutual-fund,KGS,,123693,Kotak Banking and PSU Debt,Kotak Banking and PSU Debt Fund,seeded,shortcode,2026-06,latest
kotak-mahindra-mutual-fund,KIE,,133801,Kotak Infrastructure & Economic Reform Fund,Kotak Infrastructure and Economic Reform Fund,seeded,shortcode,2026-06,latest
kotak-mahindra-mutual-fund,KIP,,120154,Kotak Debt Hybrid,Kotak Debt Hybrid Fund,seeded,shortcode,2026-06,latest
kotak-mahindra-mutual-fund,KLD,,133810,Kotak Low Duration Fund,Kotak Low Duration Fund,seeded,shortcode,2026-06,latest
kotak-mahindra-mutual-fund,KMI,,149841,Kotak Manufacture in India Fund,Kotak Manufacture In India Fund,seeded,shortcode,2026-06,latest
kotak-mahindra-mutual-fund,KMN,,152910,Kotak MNC Fund,Kotak MNC Fund,seeded,shortcode,2026-06,latest
kotak-mahindra-mutual-fund,KOP,,120158,Kotak Large & Midcap Fund,Kotak Large & Midcap Fund,seeded,shortcode,2026-06,latest
kotak-mahindra-mutual-fund,KPF,,147727,Kotak Pioneer Fund,Kotak Pioneer Fund,seeded,shortcode,2026-06,latest
kotak-mahindra-mutual-fund,KQT,,151881,Kotak Quant Fund,Kotak Quant Fund,seeded,shortcode,2026-06,latest
kotak-mahindra-mutual-fund,KRE,,148646,Kotak International REIT Overseas Equity Omni FOF,Kotak International REIT Overseas Equity Omni FOF,seeded,shortcode,2026-06,latest
kotak-mahindra-mutual-fund,KSF,,131373,Kotak Equity Savings Fund,Kotak Equity Savings Fund,seeded,shortcode,2026-06,latest
kotak-mahindra-mutual-fund,KWD,,150822,Kotak Income Plus Arbitrage Omni FOF,Kotak Income Plus Arbitrage Omni FOF,seeded,shortcode,2026-06,latest
kotak-mahindra-mutual-fund,LDT,,152491,Kotak Long Duration Fund,Kotak Long Duration Fund,seeded,shortcode,2026-06,latest
kotak-mahindra-mutual-fund,LIQ,,119766,Kotak Liquid Fund,Kotak Liquid Fund,seeded,shortcode,2026-06,latest
kotak-mahindra-mutual-fund,LTF,,151358,Kotak Nifty 1D Rate Liquid ETF,Kotak NIFTY 1D Rate Liquid ETF,seeded,shortcode,2026-06,latest
kotak-mahindra-mutual-fund,LVI,,152663,Kotak NIFTY 100 Low Volatility 30 Index Fund,Kotak Nifty 100 Low Volatility 30 Index Fund,seeded,shortcode,2026-06,latest
kotak-mahindra-mutual-fund,M3E,,153904,Kotak Nifty 200 Momentum 30 ETF,Kotak Nifty 200 Momentum 30 ETF,seeded,shortcode,2026-06,latest
kotak-mahindra-mutual-fund,M5I,,154032,Kotak Nifty500 Momentum 50 Index Fund,Kotak Nifty500 Momentum 50 Index Fund,seeded,shortcode,2026-06,latest
kotak-mahindra-mutual-fund,MAF,,152064,Kotak Multi Asset Allocation Fund,Kotak Multi Asset Fund,seeded,shortcode,2026-06,latest
kotak-mahindra-mutual-fund,MCF,,152767,KOTAK NIFTY MIDCAP 50 INDEX FUND,Kotak Nifty Midcap 50 Index Fund,seeded,shortcode,2026-06,latest
kotak-mahindra-mutual-fund,MDF,,128006,Kotak Medium Term Fund,Kotak Medium Term Fund,seeded,shortcode,2026-06,latest
kotak-mahindra-mutual-fund,MFF,,154275,Kotak Multi Factor Passive FOF,Kotak Multi Factor Passive FOF,seeded,shortcode,2026-06,latest
kotak-mahindra-mutual-fund,MFO,,154316,Kotak Multi Asset Active FOF,Kotak Multi Asset Active FOF,seeded,shortcode,2026-06,latest
kotak-mahindra-mutual-fund,MID,,120164,Kotak - Small Cap Fund,Kotak Small Cap Fund,seeded,shortcode,2026-06,latest
kotak-mahindra-mutual-fund,MIF,,151781,Kotak Nifty 200 Momentum 30 Index Fund,Kotak Nifty 200 Momentum 30 Index Fund,seeded,shortcode,2026-06,latest
kotak-mahindra-mutual-fund,MMI,,152916,Kotak Nifty Midcap 150 Momentum 50 Index Fund,Kotak Nifty Midcap 150 Momentum 50 Index Fund,seeded,shortcode,2026-06,latest
kotak-mahindra-mutual-fund,MNT,,150531,Kotak Nifty MNC ETF,Kotak Nifty MNC ETF,seeded,shortcode,2026-06,latest
kotak-mahindra-mutual-fund,MSC,,153314,Kotak MSCI India ETF,Kotak MSCI India ETF,seeded,shortcode,2026-06,latest
kotak-mahindra-mutual-fund,MTF,,149757,Kotak Nifty Midcap 50 ETF,Kotak Nifty Midcap 50 ETF,seeded,shortcode,2026-06,latest
kotak-mahindra-mutual-fund,MUC,,149185,Kotak Multicap Fund,Kotak Multicap Fund,seeded,shortcode,2026-06,latest
kotak-mahindra-mutual-fund,N10,,153461,Kotak Nifty Top 10 Equal Weight Index Fund,Kotak Nifty Top 10 Equal Weight Index Fund,seeded,shortcode,2026-06,latest
kotak-mahindra-mutual-fund,N1E,,153146,Kotak Nifty 100 Equal Weight Index Fund,Kotak Nifty 100 Equal Weight Index Fund,seeded,shortcode,2026-06,latest
kotak-mahindra-mutual-fund,N5E,,153150,Kotak Nifty 50 Equal Weight Index Fund,Kotak Nifty 50 Equal Weight Index Fund,seeded,shortcode,2026-06,latest
kotak-mahindra-mutual-fund,NAS,,148662,Kotak US Specific Equity Passive FOF,Kotak US Specific Equity Passive FOF,seeded,shortcode,2026-06,latest
kotak-mahindra-mutual-fund,NCI,,153353,Kotak Nifty Commodities Index Fund,Kotak Nifty Commodities Index Fund,seeded,shortcode,2026-06,latest
kotak-mahindra-mutual-fund,NEF,,153315,Kotak Nifty 100 Equal Weight ETF,Kotak Nifty 100 Equal Weight ETF,seeded,shortcode,2026-06,latest
kotak-mahindra-mutual-fund,NFS,,151911,Kotak Nifty Financial Services Ex - Bank Index Fund,Kotak Nifty Financial Services Ex-Bank Index Fund,seeded,shortcode,2026-06,latest
kotak-mahindra-mutual-fund,NIF,,148978,Kotak Nifty 50 Index Fund,Kotak Nifty 50 Index Fund,seeded,shortcode,2026-06,latest
kotak-mahindra-mutual-fund,NLV,,150000,Kotak Nifty 100 Low Volatility 30 ETF,Kotak Nifty 100 Low Volatility 30 ETF,seeded,shortcode,2026-06,latest
kotak-mahindra-mutual-fund,NMT,,153398,Kotak Nifty Midcap 150 ETF,Kotak Nifty Midcap 150 ETF,seeded,shortcode,2026-06,latest
kotak-mahindra-mutual-fund,NMX,,153401,KOTAK NIFTY MIDCAP 150 INDEX FUND,Kotak Nifty Midcap 150 Index Fund,seeded,shortcode,2026-06,latest
kotak-mahindra-mutual-fund,NNE,,154101,Kotak Nifty Next 50 ETF,Kotak Nifty Next 50 ETF,seeded,shortcode,2026-06,latest
kotak-mahindra-mutual-fund,NNF,,148745,Kotak Nifty Next 50 Index Fund,Kotak Nifty Next 50 Index Fund,seeded,shortcode,2026-06,latest
kotak-mahindra-mutual-fund,NSI,,153223,Kotak Nifty SmallCap 250 Index Fund,Kotak Nifty Smallcap 250 Index Fund,seeded,shortcode,2026-06,latest
kotak-mahindra-mutual-fund,NTF,,112351,Kotak Nifty 50 ETF,Kotak Nifty 50 ETF,seeded,shortcode,2026-06,latest
kotak-mahindra-mutual-fund,NVF,,135744,Kotak Nifty 50 Value 20 ETF - IDCW,Kotak Nifty 50 Value 20 ETF,seeded,shortcode,2026-06,latest
kotak-mahindra-mutual-fund,OVR,,146141,Kotak Overnight Fund,Kotak Overnight Fund,seeded,shortcode,2026-06,latest
kotak-mahindra-mutual-fund,PBT,,154491,Kotak Nifty Private Bank ETF,Kotak Nifty Private Bank ETF,seeded,shortcode,latest,latest
kotak-mahindra-mutual-fund,Q3I,,153660,KOTAK NIFTY 200 QUALITY 30 INDEX FUND,Kotak Nifty 200 Quality 30 Index Fund,seeded,shortcode,2026-06,latest
kotak-mahindra-mutual-fund,Q3T,,153657,Kotak Nifty200 Quality 30 ETF,Kotak Nifty200 Quality 30 ETF,seeded,shortcode,2026-06,latest
kotak-mahindra-mutual-fund,QOF,,154287,Kotak Quality Overseas Equity Omni FOF,Kotak Quality Overseas Equity Omni FOF,seeded,shortcode,2026-06,latest
kotak-mahindra-mutual-fund,ROF,,153970,Kotak Rural Opportunities Fund,Kotak Rural Opportunities Fund,seeded,shortcode,2026-06,latest
kotak-mahindra-mutual-fund,SEF,,120166,Kotak Flexicap Fund,Kotak Flexicap Fund,seeded,shortcode,2026-06,latest
kotak-mahindra-mutual-fund,SIF,,151649,Kotak Nifty Smallcap 50 Index Fund,Kotak Nifty Smallcap 50 Index Fund,seeded,shortcode,2026-06,latest
kotak-mahindra-mutual-fund,SIL,,150948,Kotak Silver ETF,Kotak Silver ETF,seeded,shortcode,2026-06,latest
kotak-mahindra-mutual-fund,SOF,,151603,Kotak Silver ETF Fund of Fund,Kotak Silver ETF Fund of Fund,seeded,shortcode,2026-06,latest
kotak-mahindra-mutual-fund,SPO,,152702,Kotak Special Opportunities Fund,Kotak Special Opportunities Fund,seeded,shortcode,2026-06,latest
kotak-mahindra-mutual-fund,SRF,,154149,Kotak Services Fund,Kotak Services Fund,seeded,shortcode,2026-06,latest
kotak-mahindra-mutual-fund,STF,,109010,Kotak BSE Sensex ETF,Kotak BSE Sensex ETF,seeded,shortcode,2026-06,latest
kotak-mahindra-mutual-fund,TAL,,153118,Kotak Transportation & Logistics Fund,Kotak Transportation & Logistics Fund,seeded,shortcode,2026-06,latest
kotak-mahindra-mutual-fund,TCH,,152462,Kotak Technology Fund,Kotak Technology Fund,seeded,shortcode,2026-06,latest
kotak-mahindra-mutual-fund,TIF,,152870,Kotak Nifty India Tourism Index Fund,Kotak Nifty India Tourism Index Fund,seeded,shortcode,2026-06,latest
kotak-mahindra-mutual-fund,V04,,151286,Kotak FMP Series 304,Kotak FMP Series 304,seeded,shortcode,2026-06,latest
kotak-mahindra-mutual-fund,V3I,,154145,Kotak Nifty200 Value 30 Index Fund,Kotak Nifty200 Value 30 Index Fund,seeded,shortcode,2026-06,latest
lic-mutual-fund,LDBOND,,120279,LIC MF Medium to Long Duration Fund,LIC MF MEDIUM TO LONG DURATION FUND,seeded,shortcode,2026-06,latest
lic-mutual-fund,LDGETF,,133307,LIC MF Nifty 8 - 13 yr G - Sec ETF,LIC MF NIFTY 8-13 YR G-SEC ETF,seeded,shortcode,2026-06,latest
lic-mutual-fund,LDGSEC,,120282,LIC MF Gilt Fund,LIC MF GILT FUND,seeded,shortcode,2026-06,latest
lic-mutual-fund,LDINPF,,120338,LIC MF Banking & PSU Fund,LIC MF BANKING & PSU FUND,seeded,shortcode,2026-06,latest
lic-mutual-fund,LDMIPF,,120276,LIC MF Conservative Hybrid Fund,LIC MF CONSERVATIVE HYBRID FUND,seeded,shortcode,2026-06,latest
lic-mutual-fund,LDMNMF,,150392,LIC MF Money Market Fund,LIC MF MONEY MARKET FUND,seeded,shortcode,2026-06,latest
lic-mutual-fund,LDONTF,,147515,LIC MF Overnight Fund,LIC MF OVERNIGHT FUND,seeded,shortcode,2026-06,latest
lic-mutual-fund,LDSAPF,,120315,LIC MF Low Duration Fund,LIC MF LOW DURATION FUND,seeded,shortcode,2026-06,latest
lic-mutual-fund,LDSTDF,,145954,LIC MF Short Duration Fund,LIC MF SHORT DURATION FUND,seeded,shortcode,2026-06,latest
lic-mutual-fund,LDUSTF,,147772,LIC MF Ultra Short Duration Fund,LIC MF ULTRA SHORT DURATION FUND,seeded,shortcode,2026-06,latest
lic-mutual-fund,LEARBF,,145895,LIC MF Arbitrage Fund,LIC MF ARBITRAGE FUND,seeded,shortcode,2026-06,latest
lic-mutual-fund,LEBADF,,149261,LIC MF Balanced Advantage Fund,LIC MF BALANCED ADVANTAGE FUND,seeded,shortcode,2026-06,latest
lic-mutual-fund,LEBALF,,120261,LIC MF Aggressive Hybrid Fund,LIC MF AGGRESSIVE HYBRID FUND,seeded,shortcode,2026-06,latest
lic-mutual-fund,LEBFSF,,134017,LIC MF Banking and Financial Services Fund,LIC MF BANKING AND FINANCIAL SERVICES FUND,seeded,shortcode,2026-06,latest
lic-mutual-fund,LECHID,,120285,LIC MF Children's Fund,LIC MF CHILDREN’S FUND,seeded,shortcode,2026-06,latest
lic-mutual-fund,LECOSF,,153948,LIC MF Consumption Fund,LIC MF CONSUMPTION FUND,seeded,shortcode,2026-06,latest
lic-mutual-fund,LEDDYF,,152022,LIC MF Dividend Yield Fund,LIC MF DIVIDEND YIELD FUND,seeded,shortcode,2026-06,latest
lic-mutual-fund,LEDHCF,,152024,LIC MF Healthcare Fund,LIC MF HEALTHCARE FUND,seeded,shortcode,2026-06,latest
lic-mutual-fund,LEEMCF,,152002,LIC MF Mid Cap Fund,LIC MF MID CAP FUND,seeded,shortcode,2026-06,latest
lic-mutual-fund,LEEQSF,,151952,LIC MF Equity Savings Fund,LIC MF EQUITY SAVINGS FUND,seeded,shortcode,2026-06,latest
lic-mutual-fund,LEEQTF,,120264,LIC MF Flexi Cap Fund,LIC MF FLEXI CAP FUND,seeded,shortcode,2026-06,latest
lic-mutual-fund,LEESCF,,152004,LIC MF Small Cap Fund,LIC MF SMALL CAP FUND,seeded,shortcode,2026-06,latest
lic-mutual-fund,LEFE30,,152010,LIC MF Focused Fund,LIC MF FOCUSED FUND,seeded,shortcode,2026-06,latest
lic-mutual-fund,LEGFOF,,151974,LIC MF Gold ETF Fund of Fund,LIC MF GOLD ETF FUND OF FUND,seeded,shortcode,2026-06,latest
lic-mutual-fund,LEGOLD,,151961,LIC MF Gold Exchange Traded Fund,LIC MF GOLD EXCHANGE TRADED FUND,seeded,shortcode,2026-06,latest
lic-mutual-fund,LEGROW,,120267,LIC MF Large Cap Fund,LIC MF LARGE CAP FUND,seeded,shortcode,2026-06,latest
lic-mutual-fund,LEINFA,,120351,LIC MF Infrastructure Fund,LIC MF INFRASTRUCTURE FUND,seeded,shortcode,2026-06,latest
lic-mutual-fund,LEINNF,,120307,LIC MF Nifty 50 Index Fund,LIC MF NIFTY 50 INDEX FUND,seeded,shortcode,2026-06,latest
lic-mutual-fund,LEINSX,,120308,LIC MF BSE Sensex Index Fund,LIC MF BSE SENSEX INDEX FUND,seeded,shortcode,2026-06,latest
lic-mutual-fund,LELTVF,,152018,LIC MF Value Fund,LIC MF VALUE FUND,seeded,shortcode,2026-06,latest
lic-mutual-fund,LEMAAF,,153246,LIC MF Multi Asset Allocation Fund,LIC MF Multi Asset Fund,seeded,shortcode,2026-06,latest
lic-mutual-fund,LEMETF,,152404,LIC MF Nifty Midcap 100 ETF,LIC MF NIFTY MIDCAP 100 ETF,seeded,shortcode,2026-06,latest
lic-mutual-fund,LEMFGF,,152920,LIC MF Manufacturing Fund,LIC MF MANUFACTURING FUND,seeded,shortcode,2026-06,latest
lic-mutual-fund,LEMIDF,,133710,LIC MF Large & Mid Cap Fund,LIC MF LARGE & MID CAP FUND,seeded,shortcode,2026-06,latest
lic-mutual-fund,LEMUCF,,150659,LIC MF Multi Cap Fund,LIC MF MULTI CAP FUND,seeded,shortcode,2026-06,latest
lic-mutual-fund,LENI50,,151937,LIC MF Nifty Next 50 Index Fund,LIC MF NIFTY NEXT 50 INDEX FUND,seeded,shortcode,2026-06,latest
lic-mutual-fund,LET100,,136473,LIC MF Nifty 100 ETF,LIC MF NIFTY 100 ETF,seeded,shortcode,2026-06,latest
lic-mutual-fund,LETAXP,,120270,LIC MF ELSS Tax Saver,LIC MF ELSS TAX SAVER,seeded,shortcode,2026-06,latest
lic-mutual-fund,LETECF,,154244,LIC MF Technology Fund,LIC MF TECHNOLOGY FUND,seeded,shortcode,2026-06,latest
lic-mutual-fund,LETF50,,135607,LIC MF Nifty 50 ETF,LIC MF NIFTY 50 ETF,seeded,shortcode,2026-06,latest
lic-mutual-fund,LETFSX,,135672,LIC MF BSE Sensex ETF,LIC MF BSE SENSEX ETF,seeded,shortcode,2026-06,latest
lic-mutual-fund,LEULIS,,134876,LIC MF ULIS,LIC MF ULIS,seeded,name_match,latest,latest
lic-mutual-fund,LLIQDF,,120249,LIC MF Liquid Fund,LIC MF LIQUID FUND,seeded,shortcode,2026-06,latest
mahindra-manulife-mutual-fund,MMF01,,139538,Mahindra Manulife Liquid Fund,Mahindra Manulife Liquid Fund,seeded,shortcode,2026-06,latest
mahindra-manulife-mutual-fund,MMF02,,139781,Mahindra Manulife ELSS Tax Saver Fund,Mahindra Manulife ELSS Tax Saver Fund,seeded,shortcode,2026-06,latest
mahindra-manulife-mutual-fund,MMF03,,140444,Mahindra Manulife Equity Savings Fund,Mahindra Manulife Equity Savings Fund,seeded,shortcode,2026-06,latest
mahindra-manulife-mutual-fund,MMF04,,140613,Mahindra Manulife Low Duration Fund,Mahindra Manulife Low Duration Fund,seeded,shortcode,2026-06,latest
mahindra-manulife-mutual-fund,MMF05,,141226,Mahindra Manulife Multi Cap Fund,Mahindra Manulife Multi Cap Fund,seeded,shortcode,2026-06,latest
mahindra-manulife-mutual-fund,MMF07,,142110,Mahindra Manulife Mid Cap Fund,Mahindra Manulife Mid Cap Fund,seeded,shortcode,2026-06,latest
mahindra-manulife-mutual-fund,MMF08,,144403,Mahindra Manulife Dynamic Bond Fund,Mahindra Manulife Dynamic Bond Fund,seeded,shortcode,2026-06,latest
mahindra-manulife-mutual-fund,MMF09,,145356,Mahindra Manulife Consumption Fund,Mahindra Manulife Consumption Fund,seeded,shortcode,2026-06,latest
mahindra-manulife-mutual-fund,MMF10,,146549,Mahindra Manulife Large Cap Fund,Mahindra Manulife Large Cap Fund,seeded,shortcode,2026-06,latest
mahindra-manulife-mutual-fund,MMF11,,147446,Mahindra Manulife Aggressive Hybrid Fund,Mahindra Manulife Aggressive Hybrid Fund,seeded,shortcode,2026-06,latest
mahindra-manulife-mutual-fund,MMF12,,147564,Mahindra Manulife Overnight Fund,Mahindra Manulife Overnight Fund,seeded,shortcode,2026-06,latest
mahindra-manulife-mutual-fund,MMF13,,147731,Mahindra Manulife Ultra Short Duration Fund,Mahindra Manulife Ultra Short Duration Fund,seeded,shortcode,2026-06,latest
mahindra-manulife-mutual-fund,MMF14,,147840,Mahindra Manulife Large & Mid Cap Fund,Mahindra Manulife Large & Mid Cap Fund,seeded,shortcode,2026-06,latest
mahindra-manulife-mutual-fund,MMF15,,148468,Mahindra Manulife Arbitrage Fund,Mahindra Manulife Arbitrage Fund,seeded,shortcode,2026-06,latest
mahindra-manulife-mutual-fund,MMF16,,148567,Mahindra Manulife Focused Fund,Mahindra Manulife Focused Fund,seeded,shortcode,2026-06,latest
mahindra-manulife-mutual-fund,MMF17,,148729,Mahindra Manulife Short Duration Fund,Mahindra Manulife Short Duration Fund,seeded,shortcode,2026-06,latest
mahindra-manulife-mutual-fund,MMF18,,149104,Mahindra Manulife Flexi Cap Fund,Mahindra Manulife Flexi Cap Fund,seeded,shortcode,2026-06,latest
mahindra-manulife-mutual-fund,MMF19,,149230,Mahindra Manulife Asia Pacific REITs FOF,Mahindra Manulife Asia Pacific REITs FOF,seeded,shortcode,2026-06,latest
mahindra-manulife-mutual-fund,MMF20,,149406,Mahindra Manulife Balanced Advantage Fund,Mahindra Manulife Balanced Advantage Fund,seeded,shortcode,2026-06,latest
mahindra-manulife-mutual-fund,MMF21,,150915,Mahindra Manulife Small Cap Fund,Mahindra Manulife Small Cap Fund,seeded,shortcode,2026-06,latest
mahindra-manulife-mutual-fund,MMF22,,152045,Mahindra Manulife Business Cycle Fund,Mahindra Manulife Business Cycle Fund,seeded,shortcode,2026-06,latest
mahindra-manulife-mutual-fund,MMF23,,152443,Mahindra Manulife Multi Asset Allocation Fund,Mahindra Manulife Multi Asset Allocation Fund,seeded,shortcode,2026-06,latest
mahindra-manulife-mutual-fund,MMF24,,152672,Mahindra Manulife Manufacturing Fund,Mahindra Manulife Manufacturing Fund,seeded,shortcode,2026-06,latest
mahindra-manulife-mutual-fund,MMF25,,153303,Mahindra Manulife Value Fund,Mahindra Manulife Value Fund,seeded,shortcode,2026-06,latest
mahindra-manulife-mutual-fund,MMF26,,153674,Mahindra Manulife Banking & Financial Services Fund,Mahindra Manulife Banking & Financial Services Fund,seeded,shortcode,2026-06,latest
mahindra-manulife-mutual-fund,MMF27,,154007,Mahindra Manulife Income Plus Arbitrage Active FOF,Mahindra Manulife Income Plus Arbitrage Active FOF,seeded,shortcode,2026-06,latest
mahindra-manulife-mutual-fund,MMF28,,154121,Mahindra Manulife Innovation Opportunities Fund,Mahindra Manulife Innovation Opportunities Fund,seeded,shortcode,2026-06,latest
mirae-asset-mutual-fund,1DGROWTH,,153045,Mirae Asset Nifty 1D Rate Liquid ETF - Growth,Mirae Asset Nifty 1D Rate Liquid ETF - Growth,seeded,shortcode,2026-06,latest
mirae-asset-mutual-fund,200EWETF,,153379,Mirae Asset BSE 200 Equal Weight ETF,Mirae Asset BSE 200 Equal Weight ETF,seeded,shortcode,2026-06,latest
mirae-asset-mutual-fund,200EWFOF,,153380,Mirae Asset BSE 200 Equal Weight ETF Fund of Fund,Mirae Asset BSE 200 Equal Weight ETF Fund of Fund,seeded,shortcode,2026-06,latest
mirae-asset-mutual-fund,50EW,,153519,Mirae Asset Nifty 50 Equal Weight ETF,Mirae Asset Nifty50 Equal Weight ETF,seeded,shortcode,2026-06,latest
mirae-asset-mutual-fund,912IBXFS,,153634,Mirae Asset CRISIL - IBX Financial Services 9 - 12 Months Debt Index Fund,Mirae Asset CRISIL-IBX Financial Services 9-12 Months Debt Index Fund,seeded,shortcode,2026-06,latest
mirae-asset-mutual-fund,ALPHA,,152134,Mirae Asset Nifty 200 Alpha 30 ETF,Mirae Asset Nifty 200 Alpha 30 ETF,seeded,shortcode,2026-06,latest
mirae-asset-mutual-fund,ALPHAFOF,,152718,Mirae Asset Nifty200 Alpha 30 ETF Fund of Fund,Mirae Asset Nifty200 Alpha 30 ETF Fund of Fund,seeded,shortcode,2026-06,latest
mirae-asset-mutual-fund,B2CETF,,153191,Mirae Asset Nifty India New Age Consumption ETF,Mirae Asset Nifty India New Age Consumption ETF,seeded,shortcode,2026-06,latest
mirae-asset-mutual-fund,B2CETFOF,,153192,Mirae Asset Nifty India New Age Consumption ETF Fund of Fund,Mirae Asset Nifty India New Age Consumption ETF Fund of Fund,seeded,shortcode,2026-06,latest
mirae-asset-mutual-fund,DEFENCE,,154182,Mirae Asset BSE India Defence ETF,Mirae Asset BSE India Defence ETF,seeded,shortcode,2026-06,latest
mirae-asset-mutual-fund,DEFENFOF,,154187,Mirae Asset BSE India Defence ETF FOF,Mirae Asset BSE India Defence ETF FOF,seeded,shortcode,2026-06,latest
mirae-asset-mutual-fund,DIVIDEND,,154061,Mirae Asset BSE 500 Dividend Leaders 50 ETF,Mirae Asset BSE 500 Dividend Leaders 50 ETF,seeded,shortcode,2026-06,latest
mirae-asset-mutual-fund,ENERGY,,153945,Mirae Asset Nifty Energy ETF,Mirae Asset Nifty Energy ETF,seeded,shortcode,2026-06,latest
mirae-asset-mutual-fund,EVETF,,152715,Mirae Asset Nifty EV and New Age Automotive ETF,Mirae Asset Nifty EV and New Age Automotive ETF,seeded,shortcode,2026-06,latest
mirae-asset-mutual-fund,GLSLFOF,,153812,Mirae Asset Gold Silver Passive FoF,Mirae Asset Gold Silver Passive FoF,seeded,shortcode,2026-06,latest
mirae-asset-mutual-fund,HEALTH,,154169,Mirae Asset Nifty 500 Healthcare ETF,Mirae Asset Nifty 500 Healthcare ETF,seeded,shortcode,2026-06,latest
mirae-asset-mutual-fund,INFRA,,153983,Mirae Asset Infrastructure Fund,Mirae Asset Infrastructure Fund,seeded,shortcode,2026-06,latest
mirae-asset-mutual-fund,INFRAETF,,154181,Mirae Asset Nifty India Infrastructure & Logistics ETF,Mirae Asset Nifty India Infrastructure & Logistics ETF,seeded,shortcode,2026-06,latest
mirae-asset-mutual-fund,INTERNET,,153642,Mirae Asset Nifty India Internet ETF,Mirae Asset Nifty India Internet ETF,seeded,shortcode,2026-06,latest
mirae-asset-mutual-fund,IPAFOF,,153638,Mirae Asset Income plus Arbitrage Active FOF,Mirae Asset Income plus Arbitrage Active FoF,seeded,shortcode,2026-06,latest
mirae-asset-mutual-fund,IPOETF,,153384,Mirae Asset BSE Select IPO ETF,Mirae Asset BSE Select IPO ETF,seeded,shortcode,2026-06,latest
mirae-asset-mutual-fund,IPOFOF,,153385,Mirae Asset BSE Select IPO ETF Fund of Fund,Mirae Asset BSE Select IPO ETF Fund of Fund,seeded,shortcode,2026-06,latest
mirae-asset-mutual-fund,ITETF,,152155,Mirae Asset Nifty IT ETF,Mirae Asset Nifty IT ETF,seeded,shortcode,2026-06,latest
mirae-asset-mutual-fund,LM250,,152976,Mirae Asset Nifty LargeMidcap 250 Index Fund,Mirae Asset Nifty LargeMidcap250 Index Fund,seeded,shortcode,2026-06,latest
mirae-asset-mutual-fund,MAAF,,148401,Mirae Asset Arbitrage Fund,Mirae Asset Arbitrage Fund,seeded,shortcode,2026-06,latest
mirae-asset-mutual-fund,MAAIF,,150597,Mirae Asset Global X Artificial Intelligence & Technology ETF Fund of Fund,Mirae Asset Global X Artificial Intelligence & Technology ETF Fund of Fund,seeded,shortcode,2026-06,latest
mirae-asset-mutual-fund,MABAF,,150470,Mirae Asset Balanced Advantage Fund,Mirae Asset Balanced Advantage Fund,seeded,shortcode,2026-06,latest
mirae-asset-mutual-fund,MABFF,,148623,Mirae Asset Banking and Financial Services Fund,Mirae Asset Banking and Financial Services Fund,seeded,shortcode,2026-06,latest
mirae-asset-mutual-fund,MABPF,,148419,Mirae Asset Banking and PSU Fund,Mirae Asset Banking and PSU Fund,seeded,shortcode,2026-06,latest
mirae-asset-mutual-fund,MACBF,,148755,Mirae Asset Corporate Bond Fund,Mirae Asset Corporate Bond Fund,seeded,shortcode,2026-06,latest
mirae-asset-mutual-fund,MACIF,,150792,Mirae Asset CRISIL IBX Gilt Index - April 2033 Index Fund,Mirae Asset Crisil IBX Gilt Index - April 2033 Index Fund,seeded,shortcode,2026-06,latest
mirae-asset-mutual-fund,MACMF,,118859,Mirae Asset Liquid Fund,Mirae Asset Liquid Fund,seeded,shortcode,2026-06,latest
mirae-asset-mutual-fund,MAEAF,,148500,Mirae Asset Diversified Equity Allocator Passive FOF,Mirae Asset Diversified Equity Allocator Passive FOF,seeded,shortcode,2026-06,latest
mirae-asset-mutual-fund,MAEBF,,118834,Mirae Asset Large & Midcap Fund,Mirae Asset Large & Midcap Fund,seeded,shortcode,2026-06,latest
mirae-asset-mutual-fund,MAESF,,145693,Mirae Asset Equity Savings Fund,Mirae Asset Equity Savings Fund,seeded,shortcode,2026-06,latest
mirae-asset-mutual-fund,MAETF,,148572,Mirae Asset Nifty 100 ESG Sector Leaders ETF,Mirae Asset Nifty 100 ESG Sector Leaders ETF,seeded,shortcode,2026-06,latest
mirae-asset-mutual-fund,MAFCF,,151412,Mirae Asset Flexi Cap Fund,Mirae Asset Flexi Cap Fund,seeded,shortcode,2026-06,latest
mirae-asset-mutual-fund,MAFF,,147206,Mirae Asset Focused Fund,Mirae Asset Focused Fund,seeded,shortcode,2026-06,latest
mirae-asset-mutual-fund,MAFGF,,151416,Mirae Asset Gold ETF,Mirae Asset Gold ETF,seeded,shortcode,2026-06,latest
mirae-asset-mutual-fund,MAFPF,,148928,Mirae Asset NYSE FANG + ETF Fund of Fund,Mirae Asset NYSE FANG + ETF Fund of Fund,seeded,shortcode,2026-06,latest
mirae-asset-mutual-fund,MAFTF,,148927,Mirae Asset NYSE FANG + ETF,Mirae Asset NYSE FANG + ETF,seeded,shortcode,2026-06,latest
mirae-asset-mutual-fund,MAGEF,,150595,Mirae Asset Global Electric & Autonomous Vehicles Equity Passive FOF,Mirae Asset Global Electric & Autonomous Vehicles Equity Passive FOF,seeded,shortcode,2026-06,latest
mirae-asset-mutual-fund,MAHCF,,143783,Mirae Asset Healthcare Fund,Mirae Asset Healthcare Fund,seeded,shortcode,2026-06,latest
mirae-asset-mutual-fund,MAHSF,,149380,Mirae Asset Hang Seng TECH ETF Fund of Fund,Mirae Asset Hang Seng TECH ETF Fund of Fund,seeded,shortcode,2026-06,latest
mirae-asset-mutual-fund,MAHTF,,149379,Mirae Asset Hang Seng TECH ETF,Mirae Asset Hang Seng TECH ETF,seeded,shortcode,2026-06,latest
mirae-asset-mutual-fund,MAIPF,,134813,Mirae Asset Aggressive Hybrid Fund,Mirae Asset Aggressive Hybrid Fund,seeded,shortcode,2026-06,latest
mirae-asset-mutual-fund,MALDF,,153105,Mirae Asset Long Duration Fund,Mirae Asset Long Duration Fund,seeded,shortcode,2026-06,latest
mirae-asset-mutual-fund,MAMAAF,,152344,Mirae Asset Multi Asset Allocation Fund,Mirae Asset Multi Asset Allocation Fund,seeded,shortcode,2026-06,latest
mirae-asset-mutual-fund,MAMCF,,147445,Mirae Asset Midcap Fund,Mirae Asset Midcap Fund,seeded,shortcode,2026-06,latest
mirae-asset-mutual-fund,MAMFOF,,149790,Mirae Asset Nifty India Manufacturing ETF FOF,Mirae Asset Nifty India Manufacturing ETF Fund of Fund,seeded,shortcode,2026-06,latest
mirae-asset-mutual-fund,MAMMF,,149112,Mirae Asset Money Market Fund,Mirae Asset Money Market Fund,seeded,shortcode,2026-06,latest
mirae-asset-mutual-fund,MAMPF,,151810,Mirae Asset Multicap Fund,Mirae Asset Multicap Fund,seeded,shortcode,2026-06,latest
mirae-asset-mutual-fund,MAN1DLTF,,151908,Mirae Asset Nifty 1D Rate Liquid ETF - IDCW,Mirae Asset Nifty 1D Rate Liquid ETF - IDCW,seeded,shortcode,2026-06,latest
mirae-asset-mutual-fund,MAN50ETF,,145633,Mirae Asset Nifty 50 ETF,Mirae Asset Nifty 50 ETF,seeded,shortcode,2026-06,latest
mirae-asset-mutual-fund,MANBT,,151857,Mirae Asset Nifty Bank ETF,Mirae Asset Nifty Bank ETF,seeded,shortcode,2026-06,latest
mirae-asset-mutual-fund,MANG813F,,151695,Mirae Asset Nifty 8 - 13 yr Gsec ETF,Mirae Asset Nifty 8-13 yr G-Sec ETF,seeded,shortcode,2026-06,latest
mirae-asset-mutual-fund,MANJF,,150358,Mirae Asset Nifty SDL Jun 2027 Index Fund,Mirae Asset Nifty SDL Jun 2027 Index Fund,seeded,shortcode,2026-06,latest
mirae-asset-mutual-fund,MANMF,,149918,Mirae Asset Nifty Midcap 150 ETF,Mirae Asset Nifty Midcap 150 ETF,seeded,shortcode,2026-06,latest
mirae-asset-mutual-fund,MANNF,,147906,Mirae Asset Nifty Next 50 ETF,Mirae Asset Nifty Next 50 ETF,seeded,shortcode,2026-06,latest
mirae-asset-mutual-fund,MANSJ28F,,151691,Mirae Asset Nifty SDL June 2028 Index Fund,Mirae Asset Nifty SDL June 2028 Index Fund,seeded,shortcode,2026-06,latest
mirae-asset-mutual-fund,MANTF,,149105,Mirae Asset Nifty Financial Services ETF,Mirae Asset Nifty Financial Services ETF,seeded,shortcode,2026-06,latest
mirae-asset-mutual-fund,MANV30F,,151604,Mirae Asset Nifty 100 Low Volatility 30 ETF,Mirae Asset Nifty 100 Low Volatility 30 ETF,seeded,shortcode,2026-06,latest
mirae-asset-mutual-fund,MAONF,,147736,Mirae Asset Overnight Fund,Mirae Asset Overnight Fund,seeded,shortcode,2026-06,latest
mirae-asset-mutual-fund,MASCF,,153196,Mirae Asset Small Cap Fund,Mirae Asset Small Cap Fund,seeded,shortcode,2026-06,latest
mirae-asset-mutual-fund,MASEF,,151779,Mirae Asset Silver ETF,Mirae Asset Silver ETF,seeded,shortcode,2026-06,latest
mirae-asset-mutual-fund,MASHT,,142641,Mirae Asset Short Duration Fund,Mirae Asset Short Duration Fund,seeded,shortcode,2026-06,latest
mirae-asset-mutual-fund,MASLF,,148574,Mirae Asset Nifty 100 ESG Sector Leaders Fund of Fund,Mirae Asset Nifty 100 ESG Sector Leaders Fund of Fund,seeded,shortcode,2026-06,latest
mirae-asset-mutual-fund,MASPF,,149170,Mirae Asset S&P 500 Top 50 ETF Fund of Fund,Mirae Asset S&P 500 TOP 50 ETF Fund of Fund,seeded,shortcode,2026-06,latest
mirae-asset-mutual-fund,MATPF,,149169,Mirae Asset S&P 500 Top 50 ETF,Mirae Asset S&P 500 TOP 50 ETF,seeded,shortcode,2026-06,latest
mirae-asset-mutual-fund,MATSF,,135781,Mirae Asset ELSS Tax Saver Fund,Mirae Asset ELSS Tax Saver Fund,seeded,shortcode,2026-06,latest
mirae-asset-mutual-fund,MAUSF,,148529,Mirae Asset Ultra Short Duration Fund,Mirae Asset Ultra Short Duration Fund,seeded,shortcode,2026-06,latest
mirae-asset-mutual-fund,MDBF,,140769,Mirae Asset Dynamic Bond Fund,Mirae Asset Dynamic Bond Fund,seeded,shortcode,2026-06,latest
mirae-asset-mutual-fund,METALETF,,152924,Mirae Asset Nifty Metal ETF,Mirae Asset Nifty Metal ETF,seeded,shortcode,2026-06,latest
mirae-asset-mutual-fund,METALFOF,,154216,Mirae Asset Nifty Metal ETF FOF,Mirae Asset Nifty Metal ETF FOF,seeded,shortcode,2026-06,latest
mirae-asset-mutual-fund,MGOLDFOF,,153007,Mirae Asset Gold ETF Fund of Fund,Mirae Asset Gold ETF Fund of Fund,seeded,shortcode,2026-06,latest
mirae-asset-mutual-fund,MICCF,,118837,Mirae Asset Great Consumer Fund,Mirae Asset Great Consumer Fund,seeded,shortcode,2026-06,latest
mirae-asset-mutual-fund,MIDSMALL,,152634,Mirae Asset Nifty MidSmallcap400 Momentum Quality 100 ETF,Mirae Asset Nifty MidSmallcap400 Momentum Quality 100 ETF,seeded,shortcode,2026-06,latest
mirae-asset-mutual-fund,MIIOF,,118825,Mirae Asset Large Cap Fund,Mirae Asset Large Cap Fund,seeded,shortcode,2026-06,latest
mirae-asset-mutual-fund,MILPF,,118840,Mirae Asset Low Duration Fund,Mirae Asset Low Duration Fund,seeded,shortcode,2026-06,latest
mirae-asset-mutual-fund,MNSFOF,,152645,Mirae Asset Nifty MidSmallcap400 Momentum Quality 100 ETF Fund of Fund,Mirae Asset Nifty MidSmallcap400 Momentum Quality 100 ETF Fund of Fund,seeded,shortcode,2026-06,latest
mirae-asset-mutual-fund,MTETF,,149786,Mirae Asset Nifty India Manufacturing ETF,Mirae Asset Nifty India Manufacturing ETF,seeded,shortcode,2026-06,latest
mirae-asset-mutual-fund,MULTIETF,,152811,Mirae Asset Nifty500 Multicap 50:25:25 ETF,Mirae Asset Nifty500 Multicap 50:25:25 ETF,seeded,shortcode,2026-06,latest
mirae-asset-mutual-fund,N50IF,,152972,Mirae Asset Nifty 50 Index Fund,Mirae Asset Nifty 50 Index Fund,seeded,shortcode,2026-06,latest
mirae-asset-mutual-fund,PSUBETF,,152929,Mirae Asset Nifty PSU Bank ETF,Mirae Asset Nifty PSU Bank ETF,seeded,shortcode,2026-06,latest
mirae-asset-mutual-fund,SENSEX,,152097,Mirae Asset BSE Sensex ETF,Mirae Asset BSE Sensex ETF,seeded,shortcode,2026-06,latest
mirae-asset-mutual-fund,SILVRFOF,,154279,Mirae Asset Silver ETF FOF,Mirae Asset Silver ETF FOF,seeded,shortcode,2026-06,latest
mirae-asset-mutual-fund,SMARTFOF,,153816,Mirae Asset Multi Factor Passive FOF,Mirae Asset Multi Factor Passive FOF,seeded,shortcode,2026-06,latest
mirae-asset-mutual-fund,SML250,,153946,Mirae Asset Nifty Smallcap 250 ETF,Mirae Asset Nifty Smallcap 250 ETF,seeded,shortcode,2026-06,latest
mirae-asset-mutual-fund,SMQETF,,152455,Mirae Asset Nifty Smallcap 250 Momentum Quality 100 ETF,Mirae Asset Nifty Smallcap 250 Momentum Quality 100 ETF,seeded,shortcode,2026-06,latest
mirae-asset-mutual-fund,SMQFOF,,152459,Mirae Asset Nifty Smallcap 250 Momentum Quality 100 ETF Fund of Fund,Mirae Asset Nifty Smallcap 250 Momentum Quality 100 ETF Fund Of Fund,seeded,shortcode,2026-06,latest
mirae-asset-mutual-fund,TM750,,152968,Mirae Asset Nifty Total Market Index Fund,Mirae Asset Nifty Total Market Index Fund,seeded,shortcode,2026-06,latest
mirae-asset-mutual-fund,TOP20ETF,,154060,Mirae Asset Nifty Top 20 Equal Weight ETF,Mirae Asset Nifty Top 20 Equal Weight ETF,seeded,shortcode,2026-06,latest
mirae-asset-mutual-fund,VALUE50,,154299,Mirae Asset Nifty 500 Value 50 ETF,Mirae Asset Nifty 500 Value 50 ETF,seeded,shortcode,2026-06,latest
motilal-oswal-mutual-fund,Y054,YO54,152794,Motilal Oswal Business Cycle Fund,Motilal Oswal Business Cycle Fund,seeded,shortcode,2026-06,2026-07
motilal-oswal-mutual-fund,YO01,,113069,Motilal Oswal Nifty 50 ETF,Motilal Oswal Nifty 50 ETF,seeded,shortcode,2026-06,latest
motilal-oswal-mutual-fund,YO02,,114456,Motilal Oswal Nifty Midcap 100 ETF,Motilal Oswal Nifty Midcap 100 ETF,seeded,shortcode,2026-06,latest
motilal-oswal-mutual-fund,YO03,,114984,Motilal Oswal Nasdaq 100 ETF (MOFN100,Motilal Oswal Nasdaq 100 ETF,seeded,shortcode,2026-06,latest
motilal-oswal-mutual-fund,YO05,,122389,Motilal Oswal Focused Fund,Motilal Oswal Focused Fund,seeded,shortcode,2026-06,latest
motilal-oswal-mutual-fund,YO06,,124306,Motilal Oswal Ultra Short Term Fund,Motilal Oswal Ultra Short Term Fund,seeded,shortcode,2026-06,latest
motilal-oswal-mutual-fund,YO07,,127042,Motilal Oswal Midcap Fund,Motilal Oswal Midcap Fund,seeded,shortcode,2026-06,latest
motilal-oswal-mutual-fund,YO08,,129046,Motilal Oswal Flexi cap Fund,Motilal Oswal Flexi Cap Fund,seeded,shortcode,2026-06,latest
motilal-oswal-mutual-fund,YO09,,133386,Motilal Oswal ELSS Tax Saver Fund,Motilal Oswal ELSS Tax Saver Fund,seeded,shortcode,2026-06,latest
motilal-oswal-mutual-fund,YO10,,139865,Motilal Oswal Balanced Advantage Fund,Motilal Oswal Balanced Advantage Fund,seeded,shortcode,2026-06,latest
motilal-oswal-mutual-fund,YO13,,145552,Motilal Oswal Nasdaq 100 Fund of Fund,Motilal Oswal Nasdaq 100 Fund of Fund,seeded,shortcode,2026-06,latest
motilal-oswal-mutual-fund,YO15,,145834,Motilal Oswal Liquid Fund,Motilal Oswal Liquid Fund,seeded,shortcode,2026-06,latest
motilal-oswal-mutual-fund,YO16,,147622,Motilal Oswal Nifty Midcap 150 Index Fund,Motilal Oswal Nifty Midcap 150 Index Fund,seeded,shortcode,2026-06,latest
motilal-oswal-mutual-fund,YO17,,147623,Motilal Oswal Nifty Smallcap 250 Index Fund,Motilal Oswal Nifty Smallcap 250 Index Fund,seeded,shortcode,2026-06,latest
motilal-oswal-mutual-fund,YO18,,147625,Motilal Oswal Nifty 500 Index Fund,Motilal Oswal Nifty 500 Index Fund,seeded,shortcode,2026-06,latest
motilal-oswal-mutual-fund,YO19,,147620,Motilal Oswal Nifty Bank Index Fund,Motilal Oswal Nifty Bank Index Fund,seeded,shortcode,2026-06,latest
motilal-oswal-mutual-fund,YO20,,147704,Motilal Oswal Large and Midcap Fund,Motilal Oswal Large and Midcap Fund,seeded,shortcode,2026-06,latest
motilal-oswal-mutual-fund,YO21,,147794,Motilal Oswal Nifty 50 Index Fund,Motilal Oswal Nifty 50 Index Fund,seeded,shortcode,2026-06,latest
motilal-oswal-mutual-fund,YO22,,147796,Motilal Oswal Nifty Next 50 Index Fund,Motilal Oswal Nifty Next 50 Index Fund,seeded,shortcode,2026-06,latest
motilal-oswal-mutual-fund,YO23,,148381,Motilal Oswal S&P 500 Index Fund,Motilal Oswal S&P 500 Index Fund,seeded,shortcode,2026-06,latest
motilal-oswal-mutual-fund,YO25,,148620,Motilal Oswal Nifty 5 year Benchmark G - sec ETF,Motilal Oswal Nifty 5 year Benchmark G-Sec ETF,seeded,shortcode,2026-06,latest
motilal-oswal-mutual-fund,YO26,,148750,Motilal Oswal Asset Allocation FOF - C,Motilal Oswal Asset Allocation FOF - Aggressive,seeded,name_match,latest,latest
motilal-oswal-mutual-fund,YO27,,148750,Motilal Oswal Asset Allocation FOF - C,Motilal Oswal Asset Allocation FOF - C,seeded,name_match,latest,latest
motilal-oswal-mutual-fund,YO28,,149240,Motilal Oswal 5 Year G,Motilal Oswal 5 Year G-Sec Fund of Fund,seeded,shortcode,2026-06,latest
motilal-oswal-mutual-fund,YO30,,149438,Motilal Oswal Nasdaq Q50 ETF,Motilal Oswal Nasdaq Q50 ETF,seeded,shortcode,2026-06,latest
motilal-oswal-mutual-fund,YO31,,149801,Motilal Oswal Nifty 200 Momentum 30 ETF,Motilal Oswal Nifty 200 Momentum 30 ETF,seeded,shortcode,2026-06,latest
motilal-oswal-mutual-fund,YO32,,149800,Motilal Oswal Nifty 200 Momentum 30 Index Fund,Motilal Oswal Nifty 200 Momentum 30 Index Fund,seeded,shortcode,2026-06,latest
motilal-oswal-mutual-fund,YO33,,149921,Motilal Oswal BSE Low Volatility ETF,Motilal OswalBSE Low Volatility ETF,seeded,shortcode,2026-06,latest
motilal-oswal-mutual-fund,YO34,,149919,Motilal Oswal BSE Low Volatility Index Fund,Motilal OswalBSE Low Volatility Index Fund,seeded,shortcode,2026-06,latest
motilal-oswal-mutual-fund,YO35,,150443,Motilal Oswal BSE Financials ex Bank 30 Index Fund,Motilal OswalBSE Financials ex Bank 30 Index Fund,seeded,shortcode,2026-06,latest
motilal-oswal-mutual-fund,YO36,,150445,Motilal Oswal BSE Healthcare ETF,Motilal OswalBSE Healthcare ETF,seeded,shortcode,2026-06,latest
motilal-oswal-mutual-fund,YO37,,150517,Motilal Oswal BSE Enhanced Value ETF,Motilal OswalBSE Enhanced Value ETF,seeded,shortcode,2026-06,latest
motilal-oswal-mutual-fund,YO38,,150518,Motilal Oswal BSE Enhanced Value Index Fund,Motilal OswalBSE Enhanced Value Index Fund,seeded,shortcode,2026-06,latest
motilal-oswal-mutual-fund,YO39,,150520,Motilal Oswal BSE Quality ETF,Motilal OswalBSE Quality ETF,seeded,shortcode,2026-06,latest
motilal-oswal-mutual-fund,YO40,,150521,Motilal Oswal BSE Quality Index Fund,Motilal OswalBSE Quality Index Fund,seeded,shortcode,2026-06,latest
motilal-oswal-mutual-fund,YO41,,150642,Motilal Oswal Gold and Silver Passive Fund of Funds,Motilal Oswal Gold and Silver ETFs Fund of Funds,seeded,shortcode,2026-06,latest
motilal-oswal-mutual-fund,YO43,,151814,Motilal Oswal Nifty Microcap 250 Index Fund,Motilal Oswal Nifty Microcap 250 Index Fund,seeded,shortcode,2026-06,latest
motilal-oswal-mutual-fund,YO44,,152090,Motilal Oswal Developed Market Ex US ETFs Fund of Funds,Motilal Oswal Developed Market Ex US ETFs FOFs,seeded,shortcode,2026-06,latest
motilal-oswal-mutual-fund,YO45,,152106,Motilal Oswal Nifty 500 ETF,Motilal Oswal Nifty 500 ETF,seeded,shortcode,2026-06,latest
motilal-oswal-mutual-fund,YO46,,152237,Motilal Oswal Small Cap Fund,Motilal Oswal Small Cap Fund,seeded,shortcode,2026-06,latest
motilal-oswal-mutual-fund,YO47,,152354,Motilal Oswal Large Cap,Motilal Oswal Large Cap Fund,seeded,shortcode,2026-06,latest
motilal-oswal-mutual-fund,YO48,,152541,Motilal Oswal Nifty Realty ETF,Motilal Oswal Nifty Realty ETF,seeded,shortcode,2026-06,latest
motilal-oswal-mutual-fund,YO49,,152546,Motilal Oswal Nifty Smallcap 250 ETF,Motilal Oswal Nifty Smallcap 250 ETF,seeded,shortcode,2026-06,latest
motilal-oswal-mutual-fund,YO50,,152694,Motilal Oswal Quant Fund,Motilal Oswal Quant Fund,seeded,shortcode,2026-06,latest
motilal-oswal-mutual-fund,YO51,,152651,Motilal Oswal Multi Cap Fund,Motilal Oswal Multicap Fund,seeded,shortcode,2026-06,latest
motilal-oswal-mutual-fund,YO52,,152712,Motilal Oswal Nifty India Defence Index Fund,Motilal Oswal Nifty India Defence Index Fund,seeded,shortcode,2026-06,latest
motilal-oswal-mutual-fund,YO53,,152760,Motilal Oswal Manufacturing Fund,Motilal Oswal Manufacturing Fund,seeded,shortcode,2026-06,latest
motilal-oswal-mutual-fund,YO55,,152846,Motilal Oswal Nifty India Defence ETF,Motilal Oswal Nifty India Defence ETF,seeded,shortcode,2026-06,latest
motilal-oswal-mutual-fund,YO56,,152875,Motilal Oswal Nifty 500 Momentum 50 Index Fund,Motilal Oswal Nifty 500 Momentum 50 Index Fund,seeded,shortcode,2026-06,latest
motilal-oswal-mutual-fund,YO57,,152874,Motilal Oswal Nifty 500 Momentum 50 ETF,Motilal Oswal Nifty 500 Momentum 50 ETF,seeded,shortcode,2026-06,latest
motilal-oswal-mutual-fund,YO58,,152964,Motilal Oswal Digital India Fund,Motilal Oswal Digital India Fund,seeded,shortcode,2026-06,latest
motilal-oswal-mutual-fund,YO59,,153027,Motilal Oswal Nifty MidSmall Financial Services Index Fund,Motilal Oswal Nifty MidSmall Fin Servs Index Fund,seeded,shortcode,2026-06,latest
motilal-oswal-mutual-fund,YO60,,153025,Motilal Oswal Nifty MidSmall India Consumption Index Fund,MO Nifty MidSmall India Consumption Index Fund,seeded,shortcode,2026-06,latest
motilal-oswal-mutual-fund,YO61,,153023,Motilal Oswal Nifty MidSmall Healthcare Index Fund,Motilal Oswal Nifty MidSmall Healthcare Index Fund,seeded,shortcode,2026-06,latest
motilal-oswal-mutual-fund,YO62,,153029,Motilal Oswal Nifty MidSmall IT and Telecom Index Fund,MO Nifty MidSmall IT and Telecom Index Fund,seeded,shortcode,2026-06,latest
motilal-oswal-mutual-fund,YO63,,153138,Motilal Oswal Nifty Capital Market Index Fund,MO Nifty Capital Market Index Fund,seeded,shortcode,2026-06,latest
motilal-oswal-mutual-fund,YO64,,153187,Motilal Oswal Arbitrage Fund,Motilal Oswal Arbitrage Fund,seeded,shortcode,2026-06,latest
motilal-oswal-mutual-fund,YO65,,153258,Motilal Oswal Innovation Opportunities Fund,Motilal Oswal Innovation Opportunities Fund,seeded,shortcode,2026-06,latest
motilal-oswal-mutual-fund,YO66,,153364,Motilal Oswal Active Momentum Fund,Motilal Oswal Active Momentum Fund,seeded,shortcode,2026-06,latest
motilal-oswal-mutual-fund,YO67,,153406,Motilal Oswal Nifty Capital Market ETF,Motilal Oswal Nifty Capital Market ETF,seeded,shortcode,2026-06,latest
motilal-oswal-mutual-fund,YO68,,153484,Motilal Oswal Infrastructure Fund,Motilal Oswal Infrastructure Fund,seeded,shortcode,2026-06,latest
motilal-oswal-mutual-fund,YO69,,153532,MOTILAL OSWAL NIFTY 50 EQUAL WEIGHT ETF,Motilal Oswal Nifty 50 Equal Weight ETF,seeded,shortcode,2026-06,latest
motilal-oswal-mutual-fund,YO70,,153535,MOTILAL OSWAL NIFTY NEXT 50 ETF,Motilal Oswal Nifty Next 50 ETF,seeded,shortcode,2026-06,latest
motilal-oswal-mutual-fund,YO71,,153564,Motilal Oswal BSE India Infrastructure ETF,Motilal Oswal BSE India Infrastructure ETF,seeded,shortcode,2026-06,latest
motilal-oswal-mutual-fund,YO72,,153558,Motilal Oswal Services Fund,Motilal Oswal Services Fund,seeded,shortcode,2026-06,latest
motilal-oswal-mutual-fund,YO73,,153572,Motilal Oswal Nifty India Manufacturing ETF,Motilal Oswal Nifty India Manufacturing ETF,seeded,shortcode,2026-06,latest
motilal-oswal-mutual-fund,YO74,,153608,Motilal Oswal Nifty PSE ETF,Motilal Oswal Nifty PSE ETF,seeded,shortcode,2026-06,latest
motilal-oswal-mutual-fund,YO75,,153618,Motilal Oswal Nifty India Tourism ETF,Motilal Oswal Nifty India Tourism ETF,seeded,shortcode,2026-06,latest
motilal-oswal-mutual-fund,YO76,,153694,Motilal Oswal Nifty Midcap150 Momentum 50 ETF,Motilal Oswal Nifty Midcap 150 Momentum 50 ETF,seeded,shortcode,2026-06,latest
motilal-oswal-mutual-fund,YO77,,153724,Motilal Oswal Nifty Alpha 50 ETF,Motilal Oswal Nifty Alpha 50 ETF,seeded,shortcode,2026-06,latest
motilal-oswal-mutual-fund,YO78,,153596,Motilal Oswal BSE 1000 Index Fund,Motilal Oswal BSE 1000 Index Fund,seeded,shortcode,2026-06,latest
motilal-oswal-mutual-fund,YO79,,153780,Motilal Oswal Gold ETF,Motilal Oswal Gold ETF,seeded,shortcode,2026-06,latest
motilal-oswal-mutual-fund,YO80,,153749,Motilal Oswal Special Opportunities Fund,Motilal Oswal Special Opportunities Fund,seeded,shortcode,2026-06,latest
motilal-oswal-mutual-fund,YO81,,153820,Motilal Oswal Silver ETF,Motilal Oswal Silver ETF,seeded,shortcode,2026-06,latest
motilal-oswal-mutual-fund,YO82,,153913,Motilal Oswal Consumption Fund,Motilal Oswal Consumption Fund,seeded,shortcode,2026-06,latest
motilal-oswal-mutual-fund,YO83,,153928,Motilal Oswal Nifty 100 ETF,Motilal Oswal Nifty 100 ETF,seeded,shortcode,2026-06,latest
motilal-oswal-mutual-fund,YO84,,153931,Motilal Oswal Nifty Energy ETF,Motilal Oswal Nifty Energy ETF,seeded,shortcode,2026-06,latest
motilal-oswal-mutual-fund,YO85,,154003,Motilal Oswal BSE Select IPO ETF,Motilal Oswal BSE Select IPO ETF,seeded,shortcode,2026-06,latest
motilal-oswal-mutual-fund,YO86,,154033,Motilal Oswal Nifty Services Sector ETF,Motilal Oswal Nifty Services Sector ETF,seeded,shortcode,2026-06,latest
motilal-oswal-mutual-fund,YO87,,154062,Motilal Oswal Nifty MNC ETF,Motilal Oswal Nifty MNC ETF,seeded,shortcode,2026-06,latest
motilal-oswal-mutual-fund,YO88,,154112,Motilal Oswal Diversified Equity Flexicap Passive Fund of Funds,Motilal Oswal Diversified Eq Flexicap Passive FOF,seeded,shortcode,2026-06,latest
motilal-oswal-mutual-fund,YO89,,154142,Motilal Oswal Financial Services Fund,Motilal Oswal Financial Services Fund,seeded,shortcode,2026-06,latest
motilal-oswal-mutual-fund,YO90,,154239,Motilal Oswal Multi Factor Passive Fund of Funds,Motilal Oswal Multi Factor Passive Fund of Funds,seeded,shortcode,2026-06,latest
motilal-oswal-mutual-fund,YO91,,154322,Motilal Oswal BSE Top 10 Banks ETF,Motilal Oswal BSE Top 10 Banks ETF,seeded,shortcode,2026-06,latest
motilal-oswal-mutual-fund,YO92,,154337,Motilal Oswal Contra Fund,Motilal Oswal Contra Fund,seeded,shortcode,2026-06,latest
motilal-oswal-mutual-fund,YO93,,154365,Motilal Oswal BSE Clean Environment Index Fund,Motilal Oswal BSE Clean Environment Index Fund,seeded,shortcode,2026-06,latest
motilal-oswal-mutual-fund,YO94,,154377,Motilal Oswal BSE Midcap 150 Momentum 30 Index Fund,(Investment Manager for Motilal Oswal Mutual Fund),seeded,shortcode,latest,latest
navi-mutual-fund,Navi Aggressive Hybrid Fund,,143163,Navi Aggressive Hybrid Fund,Navi Aggressive Hybrid Fund,seeded,shortcode,latest,latest
navi-mutual-fund,Navi BSE Sensex Index Fund,,152062,NAVI BSE SENSEX INDEX FUND,Navi BSE Sensex Index Fund,seeded,shortcode,latest,latest
navi-mutual-fund,Navi ELSS Tax Saver Nifty 50 Index Fund,,151471,NAVI ELSS TAX SAVER NIFTY 50 INDEX FUND,Navi ELSS Tax Saver Nifty 50 Index Fund,seeded,shortcode,latest,latest
navi-mutual-fund,Navi Flexi Cap Fund,,143793,Navi Flexi Cap Fund,Navi Flexi Cap Fund,seeded,shortcode,latest,latest
navi-mutual-fund,Navi Large & Midcap Fund,,135677,Navi Large & Midcap Fund,Navi Large & Midcap Fund,seeded,shortcode,latest,latest
navi-mutual-fund,Navi Liquid Fund,LQ,119164,Navi Liquid Fund,Navi Liquid Fund,seeded,shortcode,latest,latest
navi-mutual-fund,Navi Nasdaq100 US Specific Equity Passive FOF,,149910,Navi NASDAQ100 US Specific Equity Passive FOF,Navi Nasdaq100 US Specific Equity Passive FOF,seeded,shortcode,latest,latest
navi-mutual-fund,Navi Nifty 50 Index Fund,,149039,Navi Nifty 50 Index Fund,Navi Nifty 50 Index Fund,seeded,shortcode,latest,latest
navi-mutual-fund,Navi Nifty 500 Multicap 50:25:25 Index,,152751,NAVI NIFTY 500 MULTICAP 50 - 25,Navi Nifty 500 Multicap 50:25:25 Index,seeded,shortcode,latest,latest
navi-mutual-fund,Navi Nifty Bank Index Fund,,149804,Navi Nifty Bank Index Fund,Navi Nifty Bank Index Fund,seeded,shortcode,latest,latest
navi-mutual-fund,Navi Nifty IT Index Fund,,152535,Navi NiftyIT Index Fund,Navi Nifty IT Index Fund,seeded,shortcode,latest,latest
navi-mutual-fund,Navi Nifty India Manufacturing Index Fund,,150515,Navi Nifty India Manufacturing Index Fund,Navi Nifty India Manufacturing Index Fund,seeded,shortcode,latest,latest
navi-mutual-fund,Navi Nifty MidSmallcap 400 Index Fund,,154027,Navi Nifty Midsmall 400 Index Fund,Navi Nifty MidSmallcap 400 Index Fund,seeded,shortcode,latest,latest
navi-mutual-fund,Navi Nifty Midcap 150 Index fund,,149892,Navi Nifty Midcap 150 Index Fund,Navi Nifty Midcap 150 Index fund,seeded,shortcode,latest,latest
navi-mutual-fund,Navi Nifty Next 50 Index Fund,,149447,Navi Nifty Next 50 Index Fund,Navi Nifty Next 50 Index Fund,seeded,shortcode,latest,latest
navi-mutual-fund,Navi Nifty SmallCap250 Momentum Qlty 100,,153362,Navi Nifty Smallcap 250 Momentum quality index fund,Navi Nifty Smallcap 250 Momentum quality index,seeded,name_match,latest,latest
navi-mutual-fund,Navi Total Stock Market US Specific Equity Passive FoF,,149830,Navi Total Stock Market US Specific Equity Passive FoF,Navi Total Stock Market US Specific Equity Passive FoF,seeded,shortcode,latest,latest
nippon-india-mutual-fund,AF,,118585,Nippon India Arbitrage Fund,NIPPON INDIA ARBITRAGE FUND,seeded,shortcode,latest,latest
nippon-india-mutual-fund,AL,,148666,Nippon India Multi - Asset Omni FoF,Nippon India Multi - Asset Omni FoF,seeded,shortcode,latest,latest
nippon-india-mutual-fund,AM,,153274,Nippon India Active Momentum Fund,Nippon India Active Momentum Fund,seeded,shortcode,latest,latest
nippon-india-mutual-fund,AN,,153064,Nippon India Nifty Auto Index Fund,Nippon India Nifty Auto,seeded,shortcode,latest,latest
nippon-india-mutual-fund,AP,,153600,Nippon India Income Plus Arbitrage Active Fund of Fund,Nippon India Income Plus Arbitrage Active Fund of Fund,seeded,shortcode,latest,latest
nippon-india-mutual-fund,BB,,140087,Nippon India ETF Nifty Bank BeES,NIPPON INDIA ETF NIFTY BANK BEES,seeded,shortcode,latest,latest
nippon-india-mutual-fund,BF,,118589,Nippon India Banking & Financial Services Fund,NIPPON INDIA BANKING & FINANCIAL SERVICES FUND,seeded,shortcode,latest,latest
nippon-india-mutual-fund,BP,,134547,Nippon India Banking and PSU Fund,Nippon India Banking and PSU Fund,seeded,shortcode,latest,latest
nippon-india-mutual-fund,BS,,153567,Nippon India BSE Sensex Next 30 Index Fund,Nippon India BSE Sensex Next 30 Index Fund,seeded,shortcode,latest,latest
nippon-india-mutual-fund,BX,,152389,Nippon India Nifty Bank Index Fund,Nippon India Nifty Bank Index Fund,seeded,shortcode,latest,latest
nippon-india-mutual-fund,BZ,,153569,Nippon India BSE Sensex Next 30 ETF,Nippon India BSE Sensex Next 30 ETF,seeded,shortcode,latest,latest
nippon-india-mutual-fund,CB,,130050,Nippon India Medium Duration Fund,Nippon India Medium Duration Fund,seeded,shortcode,latest,latest
nippon-india-mutual-fund,CC,,140107,CPSE ETF,CPSE ETF,seeded,shortcode,latest,latest
nippon-india-mutual-fund,CE,,121146,Nippon India ETF Nifty 100,Nippon India ETF Nifty 100,seeded,shortcode,latest,latest
nippon-india-mutual-fund,CF,,128331,Nippon India ETF Nifty India Consumption,NIPPON INDIA ETF NIFTY INDIA CONSUMPTION,seeded,shortcode,latest,latest
nippon-india-mutual-fund,CN,,150012,Nippon India Nifty AAA CPSE Bond Plus SDL - Apr 2027 Maturity 60:40 Index Fund,Nippon India Nifty AAA CPSE Bond Plus,seeded,shortcode,latest,latest
nippon-india-mutual-fund,CP,,143494,Nippon India Ultra Short Duration Fund,Nippon India Ultra Short Duration Fund,seeded,shortcode,latest,latest
nippon-india-mutual-fund,EA,,118632,Nippon India Large Cap Fund,NIPPON INDIA LARGE CAP FUND,seeded,shortcode,latest,latest
nippon-india-mutual-fund,EO,,118650,Nippon India Multi Cap Fund,NIPPON INDIA MULTI CAP FUND,seeded,shortcode,latest,latest
nippon-india-mutual-fund,ES,,134594,Nippon India Equity Savings Fund,NIPPON INDIA EQUITY SAVINGS FUND,seeded,shortcode,latest,latest
nippon-india-mutual-fund,ET,,149329,Nippon India Taiwan Equity Fund,Nippon India Taiwan Equity Fund,seeded,shortcode,latest,latest
nippon-india-mutual-fund,EW,,152842,Nippon India Nifty 500 Equal Weight Index Fund,Nippon India Nifty 500 Equal Weight Index Fund,seeded,shortcode,latest,latest
nippon-india-mutual-fund,FR,,118656,Nippon India Floater Fund,Nippon India Floater Fund,seeded,shortcode,latest,latest
nippon-india-mutual-fund,G6,,147098,Nippon India Fixed Maturity XLI - Series 8,Nippon India Fixed Maturity Plan - XLI - Series 8,seeded,shortcode,2026-06,latest
nippon-india-mutual-fund,GB,,140088,Nippon India ETF Gold BeES,Nippon India ETF Gold BeES,seeded,shortcode,latest,latest
nippon-india-mutual-fund,GD,,118663,Nippon India Gold Savings Fund,NIPPON INDIA GOLD SAVINGS FUND,seeded,shortcode,latest,latest
nippon-india-mutual-fund,GF,,118666,NIPPON INDIA MID CAP FUND,Nippon India Growth Mid Cap Fund,seeded,shortcode,latest,latest
nippon-india-mutual-fund,GL,,118672,Nippon India Gilt Fund,Nippon India Gilt Fund,seeded,shortcode,latest,latest
nippon-india-mutual-fund,GS,,118678,Nippon India Vision Large & Mid Cap Fund,Nippon India Vision Large & Mid Cap Fund,seeded,shortcode,latest,latest
nippon-india-mutual-fund,HK,,149917,Nippon India Fixed Maturity - XLIII - Series 5,Nippon India Fixed Maturity Plan - XLIII -Series 5,seeded,shortcode,latest,latest
nippon-india-mutual-fund,HS,,140095,Nippon India ETF Hang Seng BeES,Nippon India ETF Hang Seng BeES,seeded,shortcode,latest,latest
nippon-india-mutual-fund,IB,,140102,Nippon India ETF Nifty Infrastructure BeES,NIPPON INDIA ETF NIFTY INFRASTRUCTURE BEES,seeded,shortcode,latest,latest
nippon-india-mutual-fund,ID,,152992,Nippon India CRISIL - IBX AAA Financial Services - Dec 2026 Index Fund,Nippon India CRISIL - IBX AAA Financial Services - Dec 2026 Index Fund,seeded,shortcode,latest,latest
nippon-india-mutual-fund,IF,,118687,Nippon India Medium to Long Duration Fund,Nippon India Medium to Long Duration Fund,seeded,shortcode,latest,latest
nippon-india-mutual-fund,IH,,154271,Nippon India CRISIL - IBX Financial Services 3 - 6 Months Debt Index Fund,Nippon India CRISIL-IBX Financial Services 3-6 Months Debt Index Fund,seeded,shortcode,latest,latest
nippon-india-mutual-fund,IJ,,152992,Nippon India CRISIL - IBX AAA Financial Services - Dec 2026 Index Fund,Nippon India CRISIL - IBX AAA Financial,seeded,shortcode,latest,latest
nippon-india-mutual-fund,IP,,118814,Nippon India Corporate Bond Fund,Nippon India Corporate Bond Fund,seeded,shortcode,latest,latest
nippon-india-mutual-fund,IT,,152033,Nippon India Innovation Fund,Nippon India Innovation Fund,seeded,shortcode,latest,latest
nippon-india-mutual-fund,IX,,152392,Nippon India Nifty IT Index Fund,Nippon India Nifty IT Index Fund,seeded,shortcode,latest,latest
nippon-india-mutual-fund,IY,,154252,Nippon India CRISIL - IBX Financial Services 9 - 12 Months Debt Index Fund,Nippon India CRISIL-IBX Financial Services 9-12 Months Debt Index Fund,seeded,shortcode,latest,latest
nippon-india-mutual-fund,JE,,130860,Nippon India Japan Equity Fund,NIPPON INDIA JAPAN EQUITY FUND,seeded,shortcode,latest,latest
nippon-india-mutual-fund,JZ,,140085,Nippon India ETF Nifty Next 50 Junior BeES,NIPPON INDIA ETF NIFTY NEXT 50 JUNIOR BEES,seeded,shortcode,latest,latest
nippon-india-mutual-fund,K5,,118691,Nippon India Interval Fund - Series II,Nippon India Interval Fund-Series II,seeded,shortcode,latest,latest
nippon-india-mutual-fund,LB,,140086,Nippon India ETF Nifty 1D Rate Liquid BeES - IDCW,NIPPON INDIA ETF NIFTY 1D RATE LIQUID BEES,seeded,shortcode,latest,latest
nippon-india-mutual-fund,LC,,149094,Nippon India Flexi Cap Fund,Nippon India Flexi Cap Fund,seeded,shortcode,latest,latest
nippon-india-mutual-fund,LD,,153725,Nippon India Nifty 1D Rate Liquid ETF - Growth,Nippon India Nifty 1D Rate Liquid ETF - Growth,seeded,shortcode,latest,latest
nippon-india-mutual-fund,LE,,118692,Nippon India Focused Fund,Nippon India Focused Fund,seeded,shortcode,latest,latest
nippon-india-mutual-fund,LF,,118701,Nippon India Liquid Fund,Nippon India Liquid Fund,seeded,shortcode,latest,latest
nippon-india-mutual-fund,LP,,118709,Nippon India Low Duration Fund,Nippon India Low Duration Fund,seeded,shortcode,latest,latest
nippon-india-mutual-fund,LQ,,118719,Nippon India Money Market Fund,Nippon India Money Market Fund,seeded,shortcode,latest,latest
nippon-india-mutual-fund,LT,,139496,Nippon India ETF Nifty 8 - 13 yr G - Sec Long Term Gilt,NIPPON INDIA ETF NIFTY 8-13 YR G-SEC LONG TERM GILT,seeded,shortcode,latest,latest
nippon-india-mutual-fund,LV,,153474,Nippon India Nifty 500 Low Volatility 50 Index Fund,Nippon India Nifty 500 Low,seeded,shortcode,latest,latest
nippon-india-mutual-fund,MC,,153693,Nippon India MNC Fund,Nippon India MNC Fund,seeded,shortcode,latest,latest
nippon-india-mutual-fund,ME,,118724,Nippon India Consumption Fund,NIPPON INDIA CONSUMPTION FUND,seeded,shortcode,latest,latest
nippon-india-mutual-fund,MF,,148457,Nippon India Multi Asset Allocation Fund,Nippon India Multi Asset Fund,seeded,shortcode,latest,latest
nippon-india-mutual-fund,MG,,153806,Nippon India Nifty India Manufacturing Index Fund,Nippon India Nifty India Manufacturing Index Fund,seeded,shortcode,latest,latest
nippon-india-mutual-fund,MI,,118726,Nippon India Conservative Hybrid Fund,Nippon India Conservative Hybrid Fund,seeded,shortcode,latest,latest
nippon-india-mutual-fund,MT,,152881,Nippon India Nifty 500 Momentum 50 Index Fund,Nippon India Nifty 500 Momentum,seeded,shortcode,latest,latest
nippon-india-mutual-fund,MZ,,153810,Nippon India Nifty India Manufacturing ETF,Nippon India Nifty India Manufacturing ETF,seeded,shortcode,latest,latest
nippon-india-mutual-fund,NB,,140084,Nippon India ETF Nifty 50 BeES,NIPPON INDIA ETF NIFTY 50 BEES,seeded,shortcode,latest,latest
nippon-india-mutual-fund,ND,,150754,Nippon India Nifty AAA PSU Bond Plus SDL - Sep 2026 Maturity 50:50 Index Fund,Nippon India Nifty AAA PSU Bond Plus SDL - Sep 2026 Maturity 50:50 Index Fund,seeded,shortcode,latest,latest
nippon-india-mutual-fund,NE,,118736,Nippon India Balanced Advantage Fund,NIPPON INDIA BALANCED ADVANTAGE FUND,seeded,shortcode,latest,latest
nippon-india-mutual-fund,NF,,118741,Nippon India Index Fund - Nifty 50,NIPPON INDIA INDEX FUND - NIFTY 50 PLAN,seeded,shortcode,latest,latest
nippon-india-mutual-fund,NG,,148800,Nippon India ETF Nifty 5 yr Benchmark G - Sec,NIPPON INDIA ETF NIFTY 5 YR BENCHMARK G-SEC,seeded,shortcode,latest,latest
nippon-india-mutual-fund,NH,,149008,Nippon India Nifty Pharma ETF,Nippon India Nifty Pharma ETF,seeded,shortcode,latest,latest
nippon-india-mutual-fund,NI,,118747,Nippon India Dynamic Bond Fund,Nippon India Dynamic Bond Fund,seeded,shortcode,latest,latest
nippon-india-mutual-fund,NJ,,150824,Nippon India Nifty SDL Plus G - Sec - Jun 2028 Maturity 70:30 Index Fund,Nippon India Nifty SDL Plus G-Sec - Jun 2028 Maturity 70:30 Index Fund,seeded,shortcode,latest,latest
nippon-india-mutual-fund,NK,,150906,Nippon India Nifty G - Sec Sep 2027 Maturity Index Fund,Nippon India Nifty G-Sec Sep 2027 Maturity Index Fund,seeded,shortcode,latest,latest
nippon-india-mutual-fund,NL,,143704,Nippon India Nivesh Lakshya Long Duration Fund,Nippon India Nivesh Lakshya Long Duration Fund,seeded,shortcode,latest,latest
nippon-india-mutual-fund,NM,,146271,Nippon India ETF Nifty Midcap 150,Nippon India ETF Nifty Midcap 150,seeded,shortcode,latest,latest
nippon-india-mutual-fund,NN,,150487,Nippon India Nifty Alpha Low Volatility 30 Index Fund,Nippon India Nifty Alpha Low Volatility 30 Index Fund,seeded,shortcode,latest,latest
nippon-india-mutual-fund,NO,,149465,Nippon India Nifty Auto ETF,Nippon India Nifty Auto ETF,seeded,shortcode,latest,latest
nippon-india-mutual-fund,NP,,148726,Nippon India Nifty Midcap 150 Index Fund,Nippon India Nifty Midcap 150 Index Fund,seeded,shortcode,latest,latest
nippon-india-mutual-fund,NQ,,150920,Nippon India Nifty G - Sec Jun 2036 Maturity Index Fund,Nippon India Nifty G-Sec Jun 2036 Maturity Index Fund,seeded,shortcode,latest,latest
nippon-india-mutual-fund,NS,,148519,Nippon India Nifty Smallcap 250 Index Fund,Nippon India Nifty Smallcap 250 Index Fund,seeded,shortcode,latest,latest
nippon-india-mutual-fund,NU,,151390,Nippon India Nifty SDL Plus G - Sec - Jun 2029 Maturity 70:30 Index Fund,Nippon India Nifty SDL Plus G-Sec - Jun 2029 Maturity 70:30 Index Fund,seeded,shortcode,latest,latest
nippon-india-mutual-fund,NV,,148721,Nippon India Nifty 50 Value 20 Index Fund,Nippon India Nifty 50 Value 20 Index Fund,seeded,shortcode,latest,latest
nippon-india-mutual-fund,NW,,151440,Nippon India Nifty G - Sec Oct 2028 Maturity Index Fund,Nippon India Nifty G-Sec Oct 2028 Maturity Index Fund,seeded,shortcode,latest,latest
nippon-india-mutual-fund,NX,,134782,Nippon India ETF Nifty 50 Value 20,NIPPON INDIA ETF NIFTY 50 VALUE 20,seeded,shortcode,latest,latest
nippon-india-mutual-fund,NZ,,148408,Nippon India ETF Nifty IT,Nippon India ETF Nifty IT,seeded,shortcode,latest,latest
nippon-india-mutual-fund,ON,,145810,Nippon India Overnight Fund,Nippon India Overnight Fund,seeded,shortcode,latest,latest
nippon-india-mutual-fund,PH,,118759,Nippon India Pharma Fund,NIPPON INDIA PHARMA FUND,seeded,shortcode,latest,latest
nippon-india-mutual-fund,PP,,148642,Nippon India Diversified Equity Flexicap Passive FoF,Nippon India Diversified Equity Flexicap Passive FoF,seeded,shortcode,latest,latest
nippon-india-mutual-fund,PS,,118763,Nippon India Power & Infra Fund,NIPPON INDIA POWER & INFRA FUND,seeded,shortcode,latest,latest
nippon-india-mutual-fund,PU,,140089,Nippon India ETF Nifty PSU Bank BeES,NIPPON INDIA ETF NIFTY PSU BANK BEES,seeded,shortcode,latest,latest
nippon-india-mutual-fund,QI,,153470,Nippon India Nifty 500 Quality 50 Index Fund,Nippon India Nifty 500 Quality 50 Index Fund,seeded,shortcode,latest,latest
nippon-india-mutual-fund,QP,,118769,Nippon India Quant Fund,NIPPON INDIA QUANT FUND,seeded,shortcode,latest,latest
nippon-india-mutual-fund,RD,,128639,Nippon India ETF Nifty Dividend Opportunities 50,NIPPON INDIA ETF NIFTY DIVIDEND OPPORTUNITIES 50,seeded,shortcode,latest,latest
nippon-india-mutual-fund,RG,,133569,Nippon India Retirement Fund - Income Generation Scheme,NIPPON INDIA RETIREMENT FUND - INCOME GENERATION SCHEME,seeded,shortcode,latest,latest
nippon-india-mutual-fund,RJ,,146513,Nippon India Nifty Next 50 Junior BeES FoF,NIPPON INDIA NIFTY NEXT 50 JUNIOR BEES FOF,seeded,shortcode,latest,latest
nippon-india-mutual-fund,RN,,153060,Nippon India Nifty Realty Index Fund,Nippon India Nifty Realty,seeded,shortcode,latest,latest
nippon-india-mutual-fund,RW,,133568,Nippon India Retirement Fund - Wealth Creation Scheme,NIPPON INDIA RETIREMENT FUND - WEALTH CREATION SCHEME,seeded,shortcode,latest,latest
nippon-india-mutual-fund,SB,,140094,Nippon India ETF Nifty 50 Shariah BeES,Nippon India ETF Nifty 50 Shariah BeES,seeded,shortcode,latest,latest
nippon-india-mutual-fund,SC,,118778,Nippon India Small Cap Fund,NIPPON INDIA SMALL CAP FUND,seeded,shortcode,latest,latest
nippon-india-mutual-fund,SD,,118780,Nippon India Credit Risk Fund,Nippon India Credit Risk Fund,seeded,shortcode,latest,latest
nippon-india-mutual-fund,SE,,118784,Nippon India Value Fund,NIPPON INDIA VALUE FUND,seeded,shortcode,latest,latest
nippon-india-mutual-fund,SF,,118791,Nippon India Index Fund - BSE Sensex,Nippon India Index Fund - BSE Sensex Plan,seeded,shortcode,latest,latest
nippon-india-mutual-fund,SH,,118794,Nippon India Aggressive Hybrid Fund,Nippon India Aggressive Hybrid Fund,seeded,shortcode,latest,latest
nippon-india-mutual-fund,SI,,149758,Nippon India Silver ETF,Nippon India Silver ETF,seeded,shortcode,latest,latest
nippon-india-mutual-fund,SN,,147579,Nippon India ETF BSE Sensex Next 50,Nippon India ETF BSE Sensex Next 50,seeded,shortcode,latest,latest
nippon-india-mutual-fund,SO,,149760,Nippon India Silver ETF FOF,Nippon India Silver ETF Fund of Fund (FOF),seeded,shortcode,latest,latest
nippon-india-mutual-fund,ST,,118796,Nippon India Short Duration Fund,Nippon India Short Duration Fund,seeded,shortcode,latest,latest
nippon-india-mutual-fund,SX,,131331,Nippon India ETF BSE Sensex,Nippon India ETF BSE Sensex,seeded,shortcode,latest,latest
nippon-india-mutual-fund,TS,,118803,Nippon India ELSS Tax Saver Fund,Nippon India ELSS Tax Saver Fund,seeded,shortcode,latest,latest
nippon-india-mutual-fund,U8,,151708,Nippon India Fixed Maturity - XLV - Series 5,Nippon India Fixed Maturity Plan - XLV - Series 5,seeded,shortcode,2026-06,latest
nippon-india-mutual-fund,UE,,134923,Nippon India US Equity Opportunities Fund,NIPPON INDIA US EQUITY OPPORTUNITIES FUND,seeded,shortcode,latest,latest
nippon-india-mutual-fund,W5,,150627,Nippon India Fixed Maturity - XLIV - Series 1,Nippon India Fixed Maturity Plan - XLIV - Series 1,seeded,shortcode,2026-06,latest
nj-mutual-fund,NJABF,,150367,NJ Arbitrage Fund,NJ Arbitrage Fund,seeded,shortcode,2026-06,latest
nj-mutual-fund,NJBAF,,149264,NJ Balanced Advantage Fund,NJ Balanced Advantage Fund,seeded,shortcode,2026-06,latest
nj-mutual-fund,NJELSTCH,,151611,NJ ELSS Tax Saver Scheme,NJ ELSS Tax Saver Scheme,seeded,shortcode,2026-06,latest
nj-mutual-fund,NJFCP,,151917,NJ Flexi Cap Fund,NJ Flexi Cap Fund,seeded,shortcode,2026-06,latest
nj-mutual-fund,NJOVERFD,,150369,NJ Overnight Fund,NJ Overnight Fund,seeded,shortcode,2026-06,latest
old-bridge-mutual-fund,OBAF,,153979,Old Bridge Arbitrage Fund,Old Bridge Arbitrage Fund,seeded,shortcode,2026-06,latest
old-bridge-mutual-fund,OBFE,,152358,Old Bridge Focused Fund,Old Bridge Focused Fund,seeded,shortcode,2026-06,latest
old-bridge-mutual-fund,OBFX,,154225,Old Bridge Flexi Cap Fund,Old Bridge Flexi Cap Fund,seeded,shortcode,2026-06,latest
pgim-india-mutual-fund,ARBITRAGE,,138875,PGIM India Arbitrage Fund,PGIM INDIA ARBITRAGE FUND,seeded,shortcode,2026-06,latest
pgim-india-mutual-fund,Asset Allocation,,153987,PGIM India Multi Asset Allocation Fund,PGIM INDIA MULTI ASSET ALLOCATION FUND,seeded,shortcode,latest,latest
pgim-india-mutual-fund,Balanced Advantage,,148658,PGIM India Balanced Advantage Fund,PGIM INDIA BALANCED ADVANTAGE FUND,seeded,shortcode,latest,latest
pgim-india-mutual-fund,Corporate Bond,,138330,PGIM India Corporate Bond Fund,PGIM INDIA CORPORATE BOND FUND,seeded,shortcode,latest,latest
pgim-india-mutual-fund,Dynamic Bond,,120084,PGIM India Dynamic Bond Fund,PGIM INDIA DYNAMIC BOND FUND,seeded,shortcode,latest,latest
pgim-india-mutual-fund,Emerging Markets,,138456,PGIM India Emerging Markets Equity Fund of Fund,PGIM INDIA EMERGING MARKETS EQUITY FUND OF FUND,seeded,shortcode,latest,latest
pgim-india-mutual-fund,Equity Savings,,138376,PGIM India Equity Savings Fund,PGIM INDIA EQUITY SAVINGS FUND,seeded,shortcode,latest,latest
pgim-india-mutual-fund,Flexi Cap,,133839,PGIM India Flexi Cap Fund,PGIM INDIA FLEXI CAP FUND,seeded,shortcode,latest,latest
pgim-india-mutual-fund,GILT,,138472,PGIM India Gilt Fund,PGIM INDIA GILT FUND,seeded,shortcode,2026-06,latest
pgim-india-mutual-fund,Global Equity,,138528,PGIM India Global Equity Opportunities Fund of Fund,PGIM INDIA GLOBAL EQUITY OPPORTUNITIES FUND OF FUND,seeded,shortcode,latest,latest
pgim-india-mutual-fund,HEALTHCARE,,153039,PGIM India Healthcare Fund,PGIM INDIA HEALTHCARE FUND,seeded,shortcode,2026-06,latest
pgim-india-mutual-fund,Hybrid Equity,,138386,PGIM India Aggressive Hybrid Equity Fund,PGIM INDIA AGGRESSIVE HYBRID EQUITY FUND,seeded,shortcode,latest,latest
pgim-india-mutual-fund,IBX GILT,,151407,PGIM India CRISIL IBX Gilt Index - Apr 2028 Fund,PGIM INDIA CRISIL IBX GILT INDEX - APR 2028,seeded,shortcode,latest,latest
pgim-india-mutual-fund,LIQUID,,138299,PGIM India Liquid Fund,PGIM INDIA LIQUID FUND,seeded,shortcode,latest,latest
pgim-india-mutual-fund,Large Cap,,138312,PGIM India Large Cap Fund,PGIM INDIA LARGE CAP FUND,seeded,shortcode,latest,latest
pgim-india-mutual-fund,Large Mid,,152382,PGIM India Large and Midcap Fund,PGIM INDIA LARGE AND MIDCAP FUND,seeded,shortcode,latest,latest
pgim-india-mutual-fund,MULTICAP,,152815,PGIM India Multi Cap Fund,PGIM INDIA MULTI CAP FUND,seeded,shortcode,2026-06,latest
pgim-india-mutual-fund,Mid Cap,,125307,PGIM India Midcap Fund,PGIM INDIA MIDCAP FUND,seeded,shortcode,latest,latest
pgim-india-mutual-fund,OVERNIGHT,,147606,PGIM India Overnight Fund,PGIM INDIA OVERNIGHT FUND,seeded,shortcode,2026-06,latest
pgim-india-mutual-fund,RETIREMENT,,152537,PGIM India Retirement Fund,PGIM INDIA RETIREMENT FUND,seeded,shortcode,2026-06,latest
pgim-india-mutual-fund,Real Estate,,149298,PGIM India Global Select Real Estate Securities Fund of Fund,PGIM INDIA GLOBAL SELECT REAL ESTATE SEC. FOF,seeded,shortcode,latest,latest
pgim-india-mutual-fund,Small Cap,,149019,PGIM India Small Cap Fund,PGIM INDIA SMALL CAP FUND,seeded,shortcode,latest,latest
pgim-india-mutual-fund,Tax Saver,,135601,PGIM India ELSS Tax Saver Fund,PGIM INDIA ELSS TAX SAVER FUND,seeded,shortcode,latest,latest
pgim-india-mutual-fund,Ultra Short,,138358,PGIM India Ultra Short Duration Fund,PGIM INDIA ULTRA SHORT DURATION FUND,seeded,shortcode,latest,latest
ppfas-mutual-fund,PPAF,,152109,Parag Parikh Arbitrage Fund,Parag Parikh Arbitrage Fund,seeded,shortcode,2026-06,latest
ppfas-mutual-fund,PPCHF,,148958,Parag Parikh Conservative Hybrid Fund,Parag Parikh Conservative Hybrid Fund,seeded,shortcode,2026-06,latest
ppfas-mutual-fund,PPDAAF,,152468,Parag Parikh Dynamic Asset Allocation Fund,Parag Parikh Dynamic Asset Allocation Fund,seeded,shortcode,2026-06,latest
ppfas-mutual-fund,PPFCF,,122639,Parag Parikh Flexi Cap Fund,Parag Parikh Flexi Cap Fund,seeded,shortcode,2026-06,latest
ppfas-mutual-fund,PPLCF,,154155,Parag Parikh Large Cap Fund,Parag Parikh Large Cap Fund,seeded,shortcode,2026-06,latest
ppfas-mutual-fund,PPLF,,143269,Parag Parikh Liquid Fund,Parag Parikh Liquid Fund,seeded,shortcode,2026-06,latest
ppfas-mutual-fund,PPTSF,,147481,Parag Parikh ELSS Tax Saver Fund,Parag Parikh ELSS Tax Saver Fund,seeded,shortcode,2026-06,latest
quant-mutual-fund,QACTIVE,,120823,quant Multi Cap Fund,quant Multi Cap Fund,seeded,shortcode,2026-06,latest
quant-mutual-fund,QAF,,120819,quant Aggressive Hybrid Fund,quant Aggressive Hybrid Fund,seeded,shortcode,2026-06,latest
quant-mutual-fund,QESG,,148564,quant ESG Integration Strategy Fund,quant ESG Integration Strategy Fund,seeded,shortcode,2026-06,latest
quant-mutual-fund,QFF,,120834,quant Focused Fund,quant Focused Fund,seeded,shortcode,2026-06,latest
quant-mutual-fund,QFLEXI,,120843,quant Flexi Cap Fund,quant Flexi Cap Fund,seeded,shortcode,2026-06,latest
quant-mutual-fund,QIF,,120833,quant Infrastructure Fund,quant Infrastructure Fund,seeded,shortcode,2026-06,latest
quant-mutual-fund,QLF,,120837,quant Liquid Fund,quant Liquid Fund,seeded,shortcode,2026-06,latest
quant-mutual-fund,QMAB,,153426,quant Arbitrage Fund,quant Arbitrage Fund,seeded,shortcode,2026-06,latest
quant-mutual-fund,QMAF,,120821,quant Multi Asset Allocation Fund,quant Multi Asset Allocation Fund,seeded,shortcode,2026-06,latest
quant-mutual-fund,QMBC,,151757,quant Business Cycle Fund,quant Business Cycle Fund,seeded,shortcode,2026-06,latest
quant-mutual-fund,QMBS,,151791,quant BFSI Fund,quant BFSI Fund,seeded,shortcode,2026-06,latest
quant-mutual-fund,QMCF,,120841,quant Mid Cap Fund,quant Mid Cap Fund,seeded,shortcode,2026-06,latest
quant-mutual-fund,QMCN,,152336,quant Consumption Fund,quant Consumption Fund,seeded,shortcode,2026-06,latest
quant-mutual-fund,QMCO,,152255,quant Commodities Fund,quant Commodities Fund,seeded,shortcode,2026-06,latest
quant-mutual-fund,QMDA,,151713,quant Dynamic Asset Allocation Fund,quant Dynamic Asset Allocation Fund,seeded,shortcode,2026-06,latest
quant-mutual-fund,QMES,,153705,quant Equity Savings Fund,quant Equity Savings Fund,seeded,shortcode,2026-06,latest
quant-mutual-fund,QMGG,,151228,quant Gilt Fund,quant Gilt Fund,seeded,shortcode,2026-06,latest
quant-mutual-fund,QMHC,,151853,quant Healthcare Fund,quant Healthcare Fund,seeded,shortcode,2026-06,latest
quant-mutual-fund,QMLC,,150440,quant Large Cap Fund,quant Large Cap Fund,seeded,shortcode,2026-06,latest
quant-mutual-fund,QMMF,,151916,quant Manufacturing Fund,quant Manufacturing Fund,seeded,shortcode,2026-06,latest
quant-mutual-fund,QMMO,,152189,quant Momentum Fund,quant Momentum Fund,seeded,shortcode,2026-06,latest
quant-mutual-fund,QMON,,151190,quant Overnight Fund,quant Overnight Fund,seeded,shortcode,2026-06,latest
quant-mutual-fund,QMPU,,152415,quant PSU Fund,quant PSU Fund,seeded,shortcode,2026-06,latest
quant-mutual-fund,QMQM,,148925,quant Quantamental Fund,quant Quantamental Fund,seeded,shortcode,2026-06,latest
quant-mutual-fund,QMTK,,152067,quant Teck Fund,quant Teck Fund,seeded,shortcode,2026-06,latest
quant-mutual-fund,QSCF,,120828,quant Small Cap Fund,quant Small Cap Fund,seeded,shortcode,2026-06,latest
quant-mutual-fund,QTP,,120847,quant ELSS Tax Saver Fund,quant ELSS Tax Saver Fund,seeded,shortcode,2026-06,latest
quant-mutual-fund,QVF,,149335,Quant Value Fund,quant Value Fund,seeded,shortcode,2026-06,latest
quant-mutual-fund,quant Large & Mid Cap Fund,,120826,quant Large & Mid Cap Fund,quant Large & Mid Cap Fund,seeded,name_match,latest,latest
quantum-mutual-fund,QDBF,,134494,Quantum Dynamic Term Fund,"the Quantum Dynamic Term Fund for the period ended July 31, 2026",seeded,shortcode,2026-06,latest
quantum-mutual-fund,QEFOF,,112039,Quantum Diversified Equity All Cap Active FOF,"the Quantum Diversified Equity All Cap Active FOF for the period ended July 31, 2026",seeded,shortcode,2026-06,latest
quantum-mutual-fund,QESG,,147372,QUANTUM ESG BEST IN CLASS STRATEGY FUND,"the Quantum ESG Best In Class Strategy Fund for the period ended July 31, 2026",seeded,shortcode,2026-06,latest
quantum-mutual-fund,QETHICAL,,153094,Quantum Ethical Fund,"the Quantum Ethical Fund for the period ended July 31, 2026",seeded,shortcode,2026-06,latest
quantum-mutual-fund,QGF,,107693,Quantum Gold ETF,"the Quantum Gold ETF for the period ended July 31, 2026",seeded,shortcode,2026-06,latest
quantum-mutual-fund,QGSF,,115132,Quantum Gold ETF FOF,"the Quantum Gold ETF FOF for the period ended July 31, 2026",seeded,shortcode,2026-06,latest
quantum-mutual-fund,QLF,,103734,Quantum Liquid Fund,"the Quantum Liquid Fund for the period ended July 31, 2026",seeded,shortcode,2026-06,latest
quantum-mutual-fund,QLTEVF,,103490,Quantum Value Fund,"the Quantum Value Fund for the period ended July 31, 2026",seeded,shortcode,2026-06,latest
quantum-mutual-fund,QMAFOF,,117608,Quantum Multi Asset Active FOF,"the Quantum Multi Asset Active FOF for the period ended July 31, 2026",seeded,shortcode,2026-06,latest
quantum-mutual-fund,QMULTI,,152474,Quantum Multi Asset Allocation Fund,"the Quantum Multi Asset Allocation Fund for the period ended July 31, 2026",seeded,shortcode,2026-06,latest
quantum-mutual-fund,QNF,,108479,Quantum Nifty 50 ETF,"the Quantum Nifty 50 ETF for the period ended July 31, 2026",seeded,shortcode,2026-06,latest
quantum-mutual-fund,QNFOF,,150390,Quantum Nifty 50 ETF FOF,"the Quantum Nifty 50 ETF FOF for the period ended July 31, 2026",seeded,shortcode,2026-06,latest
quantum-mutual-fund,QSCAPF,,152107,QUANTUM SMALL CAP FUND,"the Quantum Small Cap Fund for the period ended July 31, 2026",seeded,shortcode,2026-06,latest
quantum-mutual-fund,QTSF,,111549,Quantum ELSS Tax Saver Fund,"the Quantum ELSS Tax Saver Fund for the period ended July 31, 2026",seeded,shortcode,2026-06,latest
samco-mutual-fund,SAMAMF,,151753,Samco Active Momentum Fund,SAMCO ACTIVE MOMENTUM FUND,seeded,shortcode,2026-06,latest
samco-mutual-fund,SAMARB,,153090,Samco Arbitrage Fund,SAMCO ARBITRAGE FUND,seeded,shortcode,2026-06,latest
samco-mutual-fund,SAMDYAF,,152188,Samco Dynamic Asset Allocation Fund,SAMCO DYNAMIC ASSET ALLOCATION FUND,seeded,shortcode,2026-06,latest
samco-mutual-fund,SAMFLEX,,149450,Samco Flexi Cap Fund,SAMCO FLEXICAP FUND,seeded,shortcode,2026-06,latest
samco-mutual-fund,SAMLCAP,,153239,Samco Large Cap Fund,SAMCO LARGE CAP FUND,seeded,shortcode,2026-06,latest
samco-mutual-fund,SAMLMCAP,,153534,Samco Large & Mid Cap Fund,SAMCO LARGE & MID CAP FUND,seeded,shortcode,2026-06,latest
samco-mutual-fund,SAMMAS,,153092,Samco Multi Asset Allocation Fund,SAMCO MULTI ASSET ALLOCATION FUND,seeded,shortcode,2026-06,latest
samco-mutual-fund,SAMMCAP,,152847,Samco Multi Cap Fund,SAMCO MULTI CAP FUND,seeded,shortcode,2026-06,latest
samco-mutual-fund,SAMMID,,154114,Samco Mid Cap Fund,SAMCO MID CAP FUND,seeded,shortcode,2026-06,latest
samco-mutual-fund,SAMONF,,150631,Samco Overnight Fund,SAMCO OVERNIGHT FUND,seeded,name_match,2026-06,2026-06
samco-mutual-fund,SAMSCF,,153868,Samco Small Cap Fund,SAMCO SMALL CAP FUND,seeded,shortcode,2026-06,latest
samco-mutual-fund,SAMSOPF,,152586,Samco Special Opportunities Fund,SAMCO SPECIAL OPPORTUNITIES FUND,seeded,shortcode,2026-06,latest
samco-mutual-fund,SAMTSF,,150838,Samco ELSS Tax Saver Fund,SAMCO ELSS TAX SAVER FUND,seeded,shortcode,2026-06,latest
sbi-mutual-fund,CRIBXFS912M,,154334,SBI CRISIL - IBX Financial Services 9 - 12 Months Debt Index Fund,SBI CRISIL-IBX Financial Services 9-12 Months Debt Index Fund,seeded,shortcode,2026-06,latest
sbi-mutual-fund,CRIIBX10-90GiltSDL29,,154370,SBI CRISIL - IBX 10:90 GILT + SDL INDEX DEC 2029 INDEX FUND,SBI CRISIL-IBX 10:90 Gilt +SDL Index - Dec 2029 Index Fund,seeded,shortcode,latest,latest
sbi-mutual-fund,CRIIBX1090GILTSDL29,,154370,SBI CRISIL - IBX 10:90 GILT + SDL INDEX DEC 2029 INDEX FUND,SBI CRISIL-IBX 10:90 Gilt +SDL Index - Dec 2029 Index Fund,seeded,name_match,2026-06,2026-06
sbi-mutual-fund,CRIIBXSDLINDEXJUNE34,,154467,SBI Crisil - IBX SDL Index - June 2034 Index Fund,SBI CRI IBX SDL Index-June 2034 Ind Fund,seeded,shortcode,latest,latest
sbi-mutual-fund,G-Sec Jul2031,,154372,SBI NIFTY G - SEC JUL 2031 INDEX FUND,SBI Nifty G-Sec Jul 2031 Index Fund,seeded,shortcode,latest,latest
sbi-mutual-fund,LIQUIDSBI,,152168,SBI NIFTY 1D Rate Liquid ETF - IDCW,SBI NIFTY 1D Rate Liquid ETF - IDCW,seeded,shortcode,2026-06,latest
sbi-mutual-fund,NIFTY200VALUE30,,154354,SBI Nifty200 Value 30 ETF,SBI Nifty 200 Value 30 ETF,seeded,shortcode,2026-06,latest
sbi-mutual-fund,NIFTYSMALLCAP250,,154353,SBI Nifty Smallcap 250 ETF,SBI Nifty Small Cap 250 ETF,seeded,shortcode,2026-06,latest
sbi-mutual-fund,SAOF,,119567,SBI Arbitrage Opportunities Fund,SBI Arbitrage Opportunities Fund,seeded,shortcode,2026-06,latest
sbi-mutual-fund,SBAF,,149134,SBI Balanced Advantage Fund,SBI Balanced Advantage Fund,seeded,shortcode,2026-06,latest
sbi-mutual-fund,SBFS,,133859,SBI BANKING & FINANCIAL SERVICES FUND,SBI Banking And Financial Services Fund,seeded,shortcode,2026-06,latest
sbi-mutual-fund,SBIAOF,,152657,SBI Automotive Opportunities Fund,SBI Automotive Opportunities Fund,seeded,shortcode,2026-06,latest
sbi-mutual-fund,SBIBSEPSUBANKETF,,153435,SBI BSE PSU BANK ETF,SBI BSE PSU Bank ETF,seeded,shortcode,2026-06,latest
sbi-mutual-fund,SBIBSEPSUBANKINDEXFUND,,153432,SBI BSE PSU BANK INDEX FUND,SBI BSE PSU Bank Index Fund,seeded,shortcode,2026-06,latest
sbi-mutual-fund,SBIBSESENSEXIF,,151769,SBI BSE Sensex Index Fund,SBI BSE Sensex Index Fund,seeded,shortcode,2026-06,latest
sbi-mutual-fund,SBIETFCON,,149041,SBI Nifty Consumption ETF,SBI Nifty Consumption ETF,seeded,shortcode,2026-06,latest
sbi-mutual-fund,SBIETFIT,,148542,SBI Nifty IT ETF,SBI Nifty IT ETF,seeded,shortcode,2026-06,latest
sbi-mutual-fund,SBIETFPB,,148541,SBI Nifty Private Bank ETF,SBI Nifty Private Bank ETF,seeded,shortcode,2026-06,latest
sbi-mutual-fund,SBIETFQLTY,,145648,SBI Nifty 200 Quality 30 ETF,SBI NIFTY 200 Quality 30 ETF,seeded,shortcode,2026-06,latest
sbi-mutual-fund,SBILIQETF,,153796,SBI Nifty 1D Rate Liquid ETF - Growth,SBI Nifty 1D Rate Liquid ETF - Growth,seeded,shortcode,2026-06,latest
sbi-mutual-fund,SBINIFTY100LOWVOL30,,153718,SBI Nifty100 Low Volatility 30 Index Fund,SBI Nifty100 Low Volatility 30 Index Fund,seeded,shortcode,2026-06,latest
sbi-mutual-fund,SBINIFTY200MOM30,,153662,SBI Nifty200 Momentum 30 Index Fund,SBI Nifty200 Momentum 30 Index Fund,seeded,shortcode,2026-06,latest
sbi-mutual-fund,SBINIFTY200QUALITY30,,153555,SBI Nifty200 Quality 30 Index Fund,SBI Nifty200 Quality 30 Index Fund,seeded,shortcode,2026-06,latest
sbi-mutual-fund,SBISENSEX,,121109,SBI BSE SENSEX ETF,SBI BSE Sensex ETF,seeded,shortcode,2026-06,latest
sbi-mutual-fund,SBLUECHIP,,119598,SBI Large Cap FUND,SBI Large Cap Fund,seeded,shortcode,2026-06,latest
sbi-mutual-fund,SBPF,,125503,SBI BANKING & PSU FUND,SBI Banking & PSU Fund,seeded,shortcode,2026-06,latest
sbi-mutual-fund,SCBF,,146215,SBI Corporate Bond Fund,SBI Corporate Bond Fund,seeded,shortcode,2026-06,latest
sbi-mutual-fund,SCF,,119835,SBI CONTRA FUND,SBI Contra Fund,seeded,shortcode,2026-06,latest
sbi-mutual-fund,SCHF,,119839,SBI Conservative Hybrid Fund,SBI Conservative Hybrid Fund,seeded,shortcode,2026-06,latest
sbi-mutual-fund,SCIGIAPR2029,,150706,SBI CRISIL IBX Gilt Index - April 2029 Fund,SBI CRISIL IBX Gilt Index-APR-2029 Fund,seeded,shortcode,2026-06,latest
sbi-mutual-fund,SCIGIJUN2036,,150681,SBI |CRISIL IBX Gilt Index - June 2036 Fund,SBI CRISIL IBX Gilt Index- June 2036 Fund,seeded,shortcode,2026-06,latest
sbi-mutual-fund,SCISISEP2027,,150711,SBI CRISIL IBX SDL Index - September 2027 Fund,SBI CRISIL IBX SDL Index-Sept 2027 Fund,seeded,shortcode,2026-06,latest
sbi-mutual-fund,SCOF,,120575,SBI CONSUMPTION OPPORTUNITIES FUND,SBI Consumption Opportunities Fund,seeded,shortcode,2026-06,latest
sbi-mutual-fund,SCPSE,,149474,SBI CPSE Bond Plus SDL Sep 2026 50:50 Index Fund,SBI CPSE Bond Plus SDL Sep 2026 50 50 Index Fund,seeded,shortcode,2026-06,latest
sbi-mutual-fund,SCRF,,119798,SBI CREDIT RISK FUND,SBI Credit Risk Fund,seeded,shortcode,2026-06,latest
sbi-mutual-fund,SCRIBXFS36M,,154331,SBI CRISIL - IBX Financial Services 3 - 6 Months Debt Index Fund,SBI CRISIL-IBX Financial Services 3-6 Months Debt Index Fund,seeded,shortcode,2026-06,latest
sbi-mutual-fund,SDAAAFOF,,153832,SBI Dynamic Asset Allocation Active FoF,SBI Dynamic Asset Allocation Active FoF,seeded,shortcode,2026-06,latest
sbi-mutual-fund,SDBF,,119671,SBI Dynamic Bond Fund,SBI Dynamic Bond Fund,seeded,shortcode,2026-06,latest
sbi-mutual-fund,SDYF,,151478,SBI Dividend Yield Fund,SBI Dividend Yield Fund,seeded,shortcode,2026-06,latest
sbi-mutual-fund,SEHF,,119609,SBI EQUITY HYBRID FUND,SBI Equity Hybrid Fund,seeded,shortcode,2026-06,latest
sbi-mutual-fund,SEMVF,,146643,SBI Equity Minimum Variance Fund,SBI Equity Minimum Variance Fund,seeded,shortcode,2026-06,latest
sbi-mutual-fund,SEOF,,152417,SBI Energy Opportunities Fund,SBI Energy Opportunities Fund,seeded,shortcode,2026-06,latest
sbi-mutual-fund,SESF,,134643,SBI Equity Savings Fund,SBI Equity Savings Fund,seeded,shortcode,2026-06,latest
sbi-mutual-fund,SETF10GILT,,139430,SBI Nifty 10 yr Benchmark G - Sec ETF,SBI Nifty 10 yr Benchmark G-Sec ETF,seeded,shortcode,2026-06,latest
sbi-mutual-fund,SETFBSE100,,134014,SBI BSE 100 ETF,SBI BSE 100 ETF,seeded,shortcode,2026-06,latest
sbi-mutual-fund,SETFGOLD,,111954,SBI Gold ETF,SBI Gold ETF,seeded,shortcode,2026-06,latest
sbi-mutual-fund,SETFNIF50,,135106,SBI Nifty 50 ETF,SBI Nifty 50 ETF,seeded,shortcode,2026-06,latest
sbi-mutual-fund,SETFNIFBK,,134008,SBI Nifty Bank ETF,SBI Nifty Bank ETF,seeded,shortcode,2026-06,latest
sbi-mutual-fund,SETFNN50,,134013,SBI Nifty Next 50 ETF,SBI Nifty Next 50 ETF,seeded,shortcode,2026-06,latest
sbi-mutual-fund,SETFSILVER,,152725,SBI Silver ETF,SBI Silver ETF,seeded,shortcode,2026-06,latest
sbi-mutual-fund,SETFSILVERFOF,,152734,SBI Silver ETF FOF,SBI Silver ETF Fund of Fund,seeded,shortcode,2026-06,latest
sbi-mutual-fund,SETFSN50,,144916,SBI BSE Sensex Next 50 ETF,SBI BSE Sensex Next 50 ETF,seeded,shortcode,2026-06,latest
sbi-mutual-fund,SFEF,,119727,SBI FOCUSED FUND,SBI Focused Fund,seeded,shortcode,2026-06,latest
sbi-mutual-fund,SFLEXI,,119718,SBI Flexicap Fund,SBI Flexicap Fund,seeded,shortcode,2026-06,latest
sbi-mutual-fund,SFMPSERIES1,,146974,SBI Fixed Maturity (FMP) - Series 1 (3668 Days,SBI Fixed Maturity Plan (FMP)- Series 1,seeded,shortcode,2026-06,latest
sbi-mutual-fund,SFMPSERIES34,,148387,SBI Fixed Maturity (FMP) - Series 34 (3682 Days,SBI Fixed Maturity Plan (FMP)- Series 34,seeded,shortcode,2026-06,latest
sbi-mutual-fund,SFMPSERIES44,,148387,SBI Fixed Maturity (FMP) - Series 34 (3682 Days,SBI Fixed Maturity Plan (FMP)- Series 44,seeded,shortcode,2026-06,2026-06
sbi-mutual-fund,SFMPSERIES45,,148387,SBI Fixed Maturity (FMP) - Series 34 (3682 Days,SBI Fixed Maturity Plan (FMP)- Series 45,seeded,shortcode,2026-06,2026-06
sbi-mutual-fund,SFMPSERIES46,,147248,SBI Fixed Maturity (FMP) - Series 6 (3668 Days,SBI Fixed Maturity Plan (FMP)- Series 46,seeded,shortcode,2026-06,2026-06
sbi-mutual-fund,SFMPSERIES49,,149147,SBI Fixed Maturity (FMP) - Series 49 (1823 Days,SBI Fixed Maturity Plan (FMP)- Series 49,seeded,shortcode,2026-06,latest
sbi-mutual-fund,SFMPSERIES50,,149174,SBI Fixed Maturity (FMP) - Series 50 (1843 Days,SBI Fixed Maturity Plan (FMP)- Series 50,seeded,shortcode,2026-06,latest
sbi-mutual-fund,SFMPSERIES51,,149195,SBI Fixed Maturity (FMP) - Series 51 (1846 Days,SBI Fixed Maturity Plan (FMP)- Series 51,seeded,shortcode,2026-06,latest
sbi-mutual-fund,SFMPSERIES52,,149232,SBI Fixed Maturity (FMP) - Series 52 (1848 Days,SBI Fixed Maturity Plan (FMP)- Series 52,seeded,shortcode,2026-06,latest
sbi-mutual-fund,SFMPSERIES53,,149279,SBI Fixed Maturity (FMP) - Series 53 (1839 Days,SBI Fixed Maturity Plan (FMP)- Series 53,seeded,shortcode,2026-06,latest
sbi-mutual-fund,SFMPSERIES54,,149307,SBI Fixed Maturity (FMP) - Series 54 (1842 Days,SBI Fixed Maturity Plan (FMP)- Series 54,seeded,shortcode,2026-06,latest
sbi-mutual-fund,SFMPSERIES55,,149345,SBI Fixed Maturity (FMP) - Series 55 (1849 Days,SBI Fixed Maturity Plan (FMP)- Series 55,seeded,shortcode,2026-06,latest
sbi-mutual-fund,SFMPSERIES57,,149431,SBI Fixed Maturity (FMP) - Series 57 (1835 Days,SBI Fixed Maturity Plan (FMP)- Series 57,seeded,shortcode,2026-06,latest
sbi-mutual-fund,SFMPSERIES58,,149460,SBI Fixed Maturity (FMP) - Series 58 (1842 Days,SBI Fixed Maturity Plan (FMP)- Series 58,seeded,shortcode,2026-06,latest
sbi-mutual-fund,SFMPSERIES59,,149147,SBI Fixed Maturity (FMP) - Series 49 (1823 Days,SBI Fixed Maturity Plan (FMP)- Series 59,seeded,shortcode,2026-06,2026-06
sbi-mutual-fund,SFMPSERIES6,,147248,SBI Fixed Maturity (FMP) - Series 6 (3668 Days,SBI Fixed Maturity Plan (FMP)- Series 6,seeded,shortcode,2026-06,latest
sbi-mutual-fund,SFMPSERIES60,,149878,SBI Fixed Maturity (FMP) - Series 60 (1878 Days,SBI Fixed Maturity Plan (FMP)- Series 60,seeded,shortcode,2026-06,latest
sbi-mutual-fund,SFMPSERIES61,,149993,SBI Fixed Maturity (FMP) - Series 61 (1927 Days,SBI Fixed Maturity Plan (FMP)- Series 61,seeded,shortcode,2026-06,latest
sbi-mutual-fund,SFMPSERIES67,,150460,SBI Fixed Maturity (FMP) - Series 67 (1467 Days,SBI Fixed Maturity Plan (FMP)- Series 67,seeded,shortcode,2026-06,latest
sbi-mutual-fund,SFRDF,,148550,SBI Floating Rate Debt Fund,SBI Floating Rate Debt Fund,seeded,shortcode,2026-06,latest
sbi-mutual-fund,SGF,,119788,SBI GOLD FUND,SBI Gold Fund,seeded,shortcode,2026-06,latest
sbi-mutual-fund,SHOF,,119783,SBI HEALTHCARE OPPORTUNITIES FUND,SBI Healthcare Opportunities Fund,seeded,shortcode,2026-06,latest
sbi-mutual-fund,SIAUSEQUITYFOF,,148760,SBI US Specific Equity Active FoF,SBI US Specific Equity Active FoF,seeded,shortcode,2026-06,latest
sbi-mutual-fund,SIF,,119700,SBI INFRASTRUCTURE FUND,SBI Infrastructure Fund,seeded,shortcode,2026-06,latest
sbi-mutual-fund,SIOF,,152776,SBI Innovative Opportunities Fund,SBI Innovative Opportunities Fund,seeded,shortcode,2026-06,latest
sbi-mutual-fund,SIPAAFOF,,153498,SBI Income Plus Arbitrage Active FOF,SBI Income Plus Arbitrage Active FOF,seeded,shortcode,2026-06,latest
sbi-mutual-fund,SLDF,,151214,SBI Long Duration Fund,SBI Long Duration Fund,seeded,shortcode,2026-06,latest
sbi-mutual-fund,SLF,,119800,SBI Liquid Fund,SBI Liquid Fund,seeded,shortcode,2026-06,latest
sbi-mutual-fund,SLMF,,119721,SBI LARGE & MIDCAP FUND,SBI Large and Midcap Fund,seeded,shortcode,2026-06,latest
sbi-mutual-fund,SLTAFIV,,140487,SBI Long Term Advantage Fund - Series IV,SBI Long Term Advantage Fund - Series IV,seeded,shortcode,2026-06,latest
sbi-mutual-fund,SLTAFV,,142138,SBI Long Term Advantage Fund - Series V,SBI Long Term Advantage Fund - Series V,seeded,shortcode,2026-06,latest
sbi-mutual-fund,SLTAFVI,,143178,SBI Long Term Advantage Fund - Series VI,SBI Long Term Advantage Fund - Series VI,seeded,shortcode,2026-06,latest
sbi-mutual-fund,SLTEF,,119723,SBI ELSS Tax Saver FUND,SBI ELSS Tax Saver Fund,seeded,shortcode,2026-06,latest
sbi-mutual-fund,SMAAF,,119843,SBI MULTI ASSET ALLOCATION FUND,SBI Multi Asset Fund,seeded,shortcode,2026-06,latest
sbi-mutual-fund,SMCBFIP,SMCBF-IP,148490,SBI Children's Fund - Investment Plan,SBI Children's Fund - Investment Plan,seeded,shortcode,2026-06,2026-07
sbi-mutual-fund,SMCBFSP,SMCBF-SP,119719,SBI Children's Fund - Savings Plan,SBI Children's Fund - Savings Plan,seeded,shortcode,2026-06,2026-07
sbi-mutual-fund,SMCF,,149882,SBI Multicap Fund,SBI MultiCap Fund,seeded,shortcode,2026-06,latest
sbi-mutual-fund,SMCMF,,120137,SBI CONSTANT MATURITY 10 YEAR GILT FUND,SBI Constant Maturity 10-Year Gilt Fund,seeded,shortcode,2026-06,latest
sbi-mutual-fund,SMCOMMA,,119705,SBI COMMA Fund,SBI Comma Fund,seeded,shortcode,2026-06,latest
sbi-mutual-fund,SMEEF,,119709,SBI ESG Exclusionary Strategy Fund,SBI ESG Exclusionary Strategy Fund,seeded,shortcode,2026-06,latest
sbi-mutual-fund,SMGF,,119707,SBI GILT FUND,SBI Gilt Fund,seeded,shortcode,2026-06,latest
sbi-mutual-fund,SMGLF,,119711,SBI MNC FUND,SBI MNC Fund,seeded,shortcode,2026-06,latest
sbi-mutual-fund,SMIDCAP,,119716,SBI MIDCAP FUND,SBI Midcap Fund,seeded,shortcode,2026-06,latest
sbi-mutual-fund,SMIF,,119714,SBI Medium to Long Duration Fund,SBI Medium to Long Duration Fund,seeded,shortcode,2026-06,latest
sbi-mutual-fund,SMLDF,,119812,SBI LOW DURATION FUND,SBI Low Duration Fund,seeded,shortcode,2026-06,latest
sbi-mutual-fund,SMMDF,,119824,SBI MEDIUM DURATION FUND,SBI Medium Duration Fund,seeded,shortcode,2026-06,latest
sbi-mutual-fund,SMUSD,,119828,SBI ULTRA SHORT DURATION FUND,SBI Ultra Short Duration Fund,seeded,shortcode,2026-06,latest
sbi-mutual-fund,SN500IF,,152908,SBI Nifty 500 Index Fund,SBI Nifty 500 Index Fund,seeded,shortcode,2026-06,latest
sbi-mutual-fund,SN50EWETF,,152749,SBI Nifty50 Equal Weight ETF,SBI Nifty50 Equal Weight ETF,seeded,shortcode,2026-06,latest
sbi-mutual-fund,SN50EWIF,,152370,SBI Nifty50 Equal Weight Index Fund,SBI Nifty50 Equal Weight Index Fund,seeded,shortcode,2026-06,latest
sbi-mutual-fund,SNBIF,,153250,SBI Nifty Bank Index Fund,SBI Nifty Bank Index Fund,seeded,shortcode,2026-06,latest
sbi-mutual-fund,SNICIF,,153015,SBI Nifty India Consumption Index Fund,SBI Nifty India Consumption Index Fund,seeded,shortcode,2026-06,latest
sbi-mutual-fund,SNIF,,119827,SBI NIFTY INDEX FUND,SBI Nifty Index Fund,seeded,shortcode,2026-06,latest
sbi-mutual-fund,SNITIF,,153320,SBI Nifty IT Index Fund,SBI Nifty IT Index Fund,seeded,shortcode,2026-06,latest
sbi-mutual-fund,SNM150ETF,,154305,SBI Nifty Midcap 150 ETF,SBI Nifty Midcap150 ETF,seeded,shortcode,2026-06,latest
sbi-mutual-fund,SNM150IF,,150673,SBI Nifty Midcap 150 Index Fund,SBI Nifty Midcap 150 Index Fund,seeded,shortcode,2026-06,latest
sbi-mutual-fund,SNM150M50ETF,,154237,SBI Nifty Midcap 150 Momentum 50 ETF,SBI Nifty Midcap 150 Momentum 50 ETF,seeded,shortcode,2026-06,latest
sbi-mutual-fund,SNN50,,148945,SBI Nifty Next 50 Index Fund,SBI Nifty Next 50 Index Fund,seeded,shortcode,2026-06,latest
sbi-mutual-fund,SNS250IF,,150677,SBI Nifty Smallcap 250 Index Fund,SBI Nifty Smallcap 250 Index Fund,seeded,shortcode,2026-06,latest
sbi-mutual-fund,SOF,,119833,SBI OVERNIGHT FUND,SBI Overnight Fund,seeded,shortcode,2026-06,latest
sbi-mutual-fund,SPSU,,119732,SBI PSU Fund,SBI PSU Fund,seeded,shortcode,2026-06,latest
sbi-mutual-fund,SQF,,153154,SBI Quant Fund,SBI Quant Fund,seeded,shortcode,2026-06,latest
sbi-mutual-fund,SQLF,,154177,SBI Quality Fund,SBI Quality Fund,seeded,shortcode,2026-06,latest
sbi-mutual-fund,SRBFAHP,,148685,SBI Retirement Benefit Fund - Aggressive Hybrid,SBI RETIREMENT BENEFIT FUND - AGGRESSIVE HYBRID PLAN,seeded,shortcode,2026-06,latest
sbi-mutual-fund,SRBFAP,,148683,SBI Retirement Benefit Fund - Aggressive,SBI RETIREMENT BENEFIT FUND - AGGRESSIVE PLAN,seeded,shortcode,2026-06,latest
sbi-mutual-fund,SRBFCHP,,148690,SBI Retirement Benefit Fund - Conservative Hybrid,SBI RETIREMENT BENEFIT FUND - CONSERVATIVE HYBRID PLAN,seeded,shortcode,2026-06,latest
sbi-mutual-fund,SRBFCP,,148688,SBI Retirement Benefit Fund - Conservative,SBI RETIREMENT BENEFIT FUND - CONSERVATIVE PLAN,seeded,shortcode,2026-06,latest
sbi-mutual-fund,SSCF,,125497,SBI Small Cap Fund,SBI Smallcap Fund,seeded,shortcode,2026-06,latest
sbi-mutual-fund,SSF,,119821,SBI SAVINGS FUND,SBI Savings Fund,seeded,shortcode,2026-06,latest
sbi-mutual-fund,SSTDF,,119816,SBI SHORT TERM DEBT FUND,SBI Short Term Debt Fund,seeded,shortcode,2026-06,latest
sbi-mutual-fund,STOF,,120578,SBI TECHNOLOGY OPPORTUNITIES FUND,SBI Technology Opportunities Fund,seeded,shortcode,2026-06,latest
shriram-mutual-fund,Shriram Aggressive Hybrid Fund,,125711,Shriram Aggressive Hybrid Fund,Shriram Aggressive Hybrid Fund,seeded,shortcode,latest,latest
shriram-mutual-fund,Shriram Balanced Advantage Fund,,147406,Shriram Balanced Advantage Fund,Shriram Balanced Advantage Fund,seeded,shortcode,latest,latest
shriram-mutual-fund,Shriram ELSS Tax Saver Fund,,145819,Shriram ELSS Tax Saver Fund,Shriram ELSS Tax Saver Fund,seeded,shortcode,latest,latest
shriram-mutual-fund,Shriram Flexi Cap Fund,,144905,Shriram Flexi Cap Fund,Shriram Flexi Cap Fund,seeded,shortcode,latest,latest
shriram-mutual-fund,Shriram Liquid Fund,,153035,Shriram Liquid Fund,Shriram Liquid Fund,seeded,shortcode,latest,latest
shriram-mutual-fund,Shriram Money Market Fund,,154144,Shriram Money Market Fund,Shriram Money Market Fund,seeded,shortcode,latest,latest
shriram-mutual-fund,Shriram Multi Asset Allocation,,152051,Shriram Multi Asset Allocation Fund,Shriram Multi Asset Allocation Fund,seeded,shortcode,latest,latest
shriram-mutual-fund,Shriram Multi Sector Rotation,,153076,Shriram Multi Sector Rotation Fund,Shriram Multi Sector Rotation Fund,seeded,shortcode,latest,latest
shriram-mutual-fund,Shriram Nifty1D Rate Liquid ETF,,152741,Shriram Nifty 1D Rate Liquid ETF - Growth,Shriram Nifty 1D Rate Liquid ETF,seeded,shortcode,latest,latest
shriram-mutual-fund,Shriram Overnight Fund,,154394,Shriram Overnight Fund,Shriram Overnight Fund,seeded,shortcode,latest,latest
sundaram-mutual-fund,CAPEXG,,129212,Sundaram Infrastructure Advantage Fund,Sundaram Infrastructure Advantage Fund,seeded,shortcode,2026-06,latest
sundaram-mutual-fund,GLOB,,119602,Sundaram Global Brand Theme - Equity Active FOF,Sundaram Global Brand Theme-Equity Active FOF,seeded,shortcode,2026-06,latest
sundaram-mutual-fund,MIDCAP,,119581,Sundaram Mid Cap Fund,Sundaram Mid Cap Fund,seeded,shortcode,2026-06,latest
sundaram-mutual-fund,MULTIP,,119566,Sundaram Large and Midcap Fund,Sundaram Large and Mid Cap Fund,seeded,shortcode,2026-06,latest
sundaram-mutual-fund,SFRLTP,,119621,Sundaram Corporate Bond Fund,Sundaram Corporate Bond Fund,seeded,shortcode,2026-06,latest
sundaram-mutual-fund,SFRSTP,,119625,Sundaram Banking & PSU Fund,Sundaram Banking & PSU Fund,seeded,shortcode,2026-06,latest
sundaram-mutual-fund,SLTADV3,,142153,Sundaram Long Term Tax Advantage Fund Series III,Sundaram Long Term Tax Advantage Fund Series III,seeded,shortcode,2026-06,latest
sundaram-mutual-fund,SLTADV4,,143079,Sundaram Long Term Tax Advantage Fund Series IV,Sundaram Long Term Tax Advantage Fund Series IV,seeded,shortcode,2026-06,latest
sundaram-mutual-fund,SLTAX3,,139711,Sundaram Long Term Micro Cap Tax Advantage Fund Series III,Sundaram Long Term Micro Cap Tax Advantage Fund Series III,seeded,shortcode,2026-06,latest
sundaram-mutual-fund,SLTAX4,,139990,Sundaram Long Term Micro Cap Tax Advantage Fund Series IV,Sundaram Long Term Micro Cap Tax Advantage Fund Series IV,seeded,shortcode,2026-06,latest
sundaram-mutual-fund,SLTAX5,,141141,Sundaram Long Term Micro Cap Tax Advantage Fund Series V,Sundaram Long Term Micro Cap Tax Advantage Fund Series V,seeded,shortcode,2026-06,latest
sundaram-mutual-fund,SLTAX6,,141564,Sundaram Long Term Micro Cap Tax Advantage Fund Series VI,Sundaram Long Term Micro Cap Tax Advantage Fund Series VI,seeded,shortcode,2026-06,latest
sundaram-mutual-fund,SMILE,,119589,Sundaram Small Cap Fund,Sundaram Small Cap Fund,seeded,shortcode,2026-06,latest
sundaram-mutual-fund,SMMF,,145050,Sundaram Money Market Fund,Sundaram Money Market Fund,seeded,shortcode,2026-06,latest
sundaram-mutual-fund,SPAHF,,149601,Sundaram Aggressive Hybrid Fund,Sundaram Aggressive Hybrid Fund,seeded,shortcode,2026-06,latest
sundaram-mutual-fund,SPARF,,149550,Sundaram Arbitrage Fund,Sundaram Arbitrage Fund,seeded,shortcode,2026-06,latest
sundaram-mutual-fund,SPBAF,,149717,Sundaram Balanced Advantage Fund,Sundaram Balanced Advantage Fund,seeded,shortcode,2026-06,latest
sundaram-mutual-fund,SPDYF,,149700,Sundaram Dividend Yield Fund,Sundaram Dividend Yield Fund,seeded,shortcode,2026-06,latest
sundaram-mutual-fund,SPESF,,149679,Sundaram Equity Savings Fund,Sundaram Equity Savings Fund,seeded,shortcode,2026-06,latest
sundaram-mutual-fund,SPFOCUS,,149533,Sundaram Focused Fund,Sundaram Focused Fund,seeded,shortcode,2026-06,latest
sundaram-mutual-fund,SPLDF,,149526,Sundaram Low Duration Fund,Sundaram Low Duration Fund,seeded,shortcode,2026-06,latest
sundaram-mutual-fund,SPMON,,149664,Sundaram Liquid Fund,Sundaram Liquid Fund,seeded,shortcode,2026-06,latest
sundaram-mutual-fund,SPMUCF,,149668,Sundaram Multi Cap Fund,Sundaram Multi Cap Fund,seeded,shortcode,2026-06,latest
sundaram-mutual-fund,SPSDF,,149587,Sundaram Short Duration Fund,Sundaram Short Duration Fund,seeded,shortcode,2026-06,latest
sundaram-mutual-fund,SPSN100,,149483,Sundaram Nifty 100 Equal Weight Fund,Sundaram Nifty 100 Equal Weight Fund,seeded,shortcode,2026-06,latest
sundaram-mutual-fund,SPTAX,,149570,Sundaram ELSS Tax Saver Fund,Sundaram ELSS Tax Saver Fund,seeded,shortcode,2026-06,latest
sundaram-mutual-fund,SPUSDF,,149539,Sundaram Ultra Short Duration Fund,Sundaram Ultra Short Duration Fund,seeded,shortcode,2026-06,latest
sundaram-mutual-fund,SRURAL,,119595,Sundaram Consumption Fund,Sundaram Consumption Fund,seeded,shortcode,2026-06,latest
sundaram-mutual-fund,SSFUND,,144835,Sundaram Services Fund,Sundaram Services Fund,seeded,shortcode,2026-06,latest
sundaram-mutual-fund,STAX,,119549,Sundaram Value Fund,Sundaram Value Fund,seeded,shortcode,2026-06,latest
sundaram-mutual-fund,SUNBCF,,148507,Sundaram Large Cap Fund,Sundaram Large Cap Fund,seeded,shortcode,2026-06,latest
sundaram-mutual-fund,SUNBDS,,119675,Sundaram Medium Duration Fund,Sundaram Medium Duration Fund,seeded,shortcode,2026-06,latest
sundaram-mutual-fund,SUNCYF,,152677,Sundaram Business Cycle Fund,Sundaram Business Cycle Fund,seeded,shortcode,2026-06,latest
sundaram-mutual-fund,SUNFCF,,150571,Sundaram Flexicap Fund,Sundaram Flexi Cap Fund,seeded,shortcode,2026-06,latest
sundaram-mutual-fund,SUNFOP,,119597,Sundaram Financial Services Opportunities Fund,Sundaram Financial Services Opportunities Fund,seeded,shortcode,2026-06,latest
sundaram-mutual-fund,SUNIPA,,154123,Sundaram Income Plus Arbitrage Active FoF Fund,Sundaram Income Plus Arbitrage Active FoF,seeded,shortcode,2026-06,latest
sundaram-mutual-fund,SUNMAF,,152314,Sundaram Multi Asset Allocation Fund,Sundaram Multi Asset Allocation Fund,seeded,shortcode,2026-06,latest
sundaram-mutual-fund,SUNMFF,,153669,Sundaram Multi - Factor Fund,Sundaram Multi-Factor Fund,seeded,shortcode,2026-06,latest
sundaram-mutual-fund,SUNMIA,,119635,Sundaram Conservative Hybrid Fund,Sundaram Conservative Hybrid Fund,seeded,shortcode,2026-06,latest
sundaram-mutual-fund,SUNONF,,146963,Sundaram Overnight Fund,Sundaram Overnight Fund,seeded,shortcode,2026-06,latest
tata-mutual-fund,TAF,,145724,Tata Arbitrage Fund,TATA ARBITRAGE FUND,seeded,shortcode,2026-06,latest
tata-mutual-fund,TBAF,,146010,Tata Balanced Advantage Fund,TATA BALANCED ADVANTAGE FUND,seeded,shortcode,2026-06,latest
tata-mutual-fund,TBCF,,149071,Tata Business Cycle Fund,TATA BUSINESS CYCLE FUND,seeded,shortcode,2026-06,latest
tata-mutual-fund,TBFSF,,135793,Tata Banking And Financial Services Fund,TATA BANKING & FINANCIAL SERVICES FUND,seeded,shortcode,2026-06,latest
tata-mutual-fund,TBMCIF,,154066,Tata BSE Multicap Consumption 50:30:20 Index Fund,TATA BSE MULTICAP CONSUMPTION 50-30-20 INDEX FUND,seeded,shortcode,2026-06,latest
tata-mutual-fund,TBSBGIF,,153132,Tata BSE Select Business Groups Index Fund,TATA BSE SELECT BUSINESS GROUPS INDEX FUND,seeded,shortcode,2026-06,latest
tata-mutual-fund,TBSEQIF,,153420,Tata BSE Quality Index Fund,TATA BSE QUALITY INDEX FUND,seeded,shortcode,2026-06,latest
tata-mutual-fund,TCORPBF,,149361,Tata Corporate Bond Fund,TATA CORPORATE BOND FUND,seeded,shortcode,2026-06,latest
tata-mutual-fund,TCS,,119172,Tata Ethical Fund,TATA ETHICAL FUND,seeded,shortcode,2026-06,latest
tata-mutual-fund,TDIF,,135800,Tata Digital India Fund,TATA DIGITAL INDIA FUND,seeded,shortcode,2026-06,latest
tata-mutual-fund,TDIVYF,,148947,Tata Dividend Yield Fund,TATA DIVIDEND YIELD FUND,seeded,shortcode,2026-06,latest
tata-mutual-fund,TEGF,,119053,Tata Aggressive Hybrid Fund,TATA AGGRESSIVE HYBRID FUND,seeded,shortcode,2026-06,latest
tata-mutual-fund,TEOF,,119202,Tata Large & MId Cap Fund,TATA LARGE & MID CAP FUND,seeded,shortcode,2026-06,latest
tata-mutual-fund,TEQPEF,,119231,Tata Value Fund,TATA VALUE FUND,seeded,shortcode,2026-06,latest
tata-mutual-fund,TFEF,,147757,Tata Focused Fund,TATA FOCUSED FUND,seeded,shortcode,2026-06,latest
tata-mutual-fund,TFF,,119863,Tata Treasury Advantage Fund,TATA TREASURY ADVANTAGE FUND ( Scheme has 1 Segregrated Portfolio ),seeded,shortcode,latest,latest
tata-mutual-fund,TFRF,,149007,Tata Floating Rate Fund,TATA FLOATING RATE FUND,seeded,shortcode,2026-06,latest
tata-mutual-fund,TFRSTF,,119861,Tata Liquid Fund,TATA LIQUID FUND,seeded,shortcode,2026-06,latest
tata-mutual-fund,TGLDETF,,152284,Tata Gold Exchange Traded Fund,TATA GOLD EXCHANGE TRADED FUND,seeded,shortcode,2026-06,latest
tata-mutual-fund,TGLDFOF,,152287,Tata Gold ETF Fund of Fund,TATA GOLD ETF FUND OF FUND,seeded,shortcode,2026-06,latest
tata-mutual-fund,TGSFR,,119953,Tata Gilt Securities Fund,TATA GILT SECURITIES FUND,seeded,shortcode,2026-06,latest
tata-mutual-fund,THOF,,150532,Tata Housing Opportunities Fund,TATA HOUSING OPPORTUNITIES FUND,seeded,shortcode,2026-06,latest
tata-mutual-fund,TICF,,135805,Tata India Consumer Fund,TATA INDIA CONSUMER FUND,seeded,shortcode,2026-06,latest
tata-mutual-fund,TIFNA,,119288,Tata Nifty 50 Index Fund,TATA NIFTY 50 INDEX FUND,seeded,shortcode,2026-06,latest
tata-mutual-fund,TIFSA,,119287,Tata S&P BSE Sensex Index Fund,TATA BSE SENSEX INDEX FUND,seeded,shortcode,2026-06,latest
tata-mutual-fund,TIIF,,153055,Tata India Innovation Fund,TATA INDIA INNOVATION FUND,seeded,shortcode,2026-06,latest
tata-mutual-fund,TINR,,119178,Tata Mid Cap Fund,TATA MID CAP FUND,seeded,shortcode,2026-06,latest
tata-mutual-fund,TIPAAFOF,,153513,Tata Income Plus Arbitrage Active FOF,TATA INCOME PLUS ARBITRAGE ACTIVE FOF,seeded,shortcode,2026-06,latest
tata-mutual-fund,TIPHF,,135807,TATA India Pharma & Health Care Fund,TATA INDIA PHARMA & HEALTHCARE FUND,seeded,shortcode,2026-06,latest
tata-mutual-fund,TISF,,119243,Tata Infrastructure Fund,TATA INFRASTRUCTURE FUND,seeded,shortcode,2026-06,latest
tata-mutual-fund,TLF,,119424,Tata Money Market Fund,TATA MONEY MARKET FUND,seeded,shortcode,2026-06,latest
tata-mutual-fund,TMAOF,,148053,Tata Multi Asset Allocation Fund,TATA MULTI ASSET ALLOCATION FUND,seeded,shortcode,2026-06,latest
tata-mutual-fund,TMCAPF,,144546,Tata Flexi Cap Fund,TATA FLEXI CAP FUND,seeded,shortcode,2026-06,latest
tata-mutual-fund,TMSPFOF,,154409,Tata Multi Sector Passive FOF,TATA MULTI SECTOR PASSIVE FOF,seeded,shortcode,latest,latest
tata-mutual-fund,TMULTICF,,151232,Tata Multicap Fund,TATA MULTICAP FUND,seeded,shortcode,2026-06,latest
tata-mutual-fund,TNA30IF,,152836,Tata Nifty200 Alpha 30 Index Fund,TATA NIFTY200 ALPHA 30 INDEX FUND,seeded,shortcode,2026-06,latest
tata-mutual-fund,TNAIF,,152557,Tata Nifty Auto Index Fund,TATA NIFTY AUTO INDEX FUND,seeded,shortcode,2026-06,latest
tata-mutual-fund,TNCMIF,,152951,Tata Nifty Capital Markets Index Fund,TATA NIFTY CAPITAL MARKETS INDEX FUND,seeded,shortcode,2026-06,latest
tata-mutual-fund,TNETF,,145801,Tata Nifty 50 Exchange Traded Fund,TATA NIFTY 50 EXCHANGE TRADED FUND,seeded,shortcode,2026-06,latest
tata-mutual-fund,TNFSIF,,152577,Tata Nifty Financial Services Index Fund,TATA NIFTY FINANCIAL SERVICES INDEX FUND,seeded,shortcode,2026-06,latest
tata-mutual-fund,TNGIF1226,,151301,Tata Nifty G Sec Dec 2026 Index Fund,TATA NIFTY G-SEC DEC 2026 INDEX FUND,seeded,shortcode,2026-06,latest
tata-mutual-fund,TNGIF1229,,151273,Tata Nifty G - Sec Dec 2029 Index Fund,TATA NIFTY G-SEC DEC 2029 INDEX FUND,seeded,shortcode,2026-06,latest
tata-mutual-fund,TNIDETF,,149959,Tata Nifty India Digital Exchange Traded Fund,TATA NIFTY INDIA DIGITAL EXCHANGE TRADED FUND,seeded,shortcode,2026-06,latest
tata-mutual-fund,TNIDFOF,,150344,Tata Nifty India Digital ETF Fund of Fund,TATA NIFTY INDIA DIGITAL ETF FUND OF FUND,seeded,shortcode,2026-06,latest
tata-mutual-fund,TNITIF,,152742,Tata Nifty India Tourism Index Fund,TATA NIFTY INDIA TOURISM INDEX FUND,seeded,shortcode,2026-06,latest
tata-mutual-fund,TNMIF150,,153581,Tata Nifty Midcap 150 Index Fund,TATA NIFTY MIDCAP 150 INDEX FUND,seeded,shortcode,2026-06,latest
tata-mutual-fund,TNMIIF,,152595,Tata Nifty500 Multicap Infrastructure 50:30:20 Index Fund,TATA NIFTY500 MULTICAP INFRASTRUCTURE 50-30-20 INDEX FUND,seeded,shortcode,2026-06,latest
tata-mutual-fund,TNMIMIF,,152588,Tata Nifty500 Multicap India Manufacturing 50:30:20 Index Fund,TATA NIFTY500 MULTICAP INDIA MANUFACTURING 50-30-20 INDEX FUND,seeded,shortcode,2026-06,latest
tata-mutual-fund,TNMMIF,,150738,Tata Nifty Midcap 150 Momentum 50 Index Fund,TATA NIFTY MIDCAP 150 MOMENTUM 50 INDEX FUND,seeded,shortcode,2026-06,latest
tata-mutual-fund,TNMSHIF,,152564,Tata Nifty MidSmall Healthcare Index Fund,TATA NIFTY MIDSMALL HEALTHCARE INDEX FUND,seeded,shortcode,2026-06,latest
tata-mutual-fund,TNNIF,,153858,Tata Nifty Next 50 Index Fund,TATA NIFTY NEXT 50 INDEX FUND,seeded,shortcode,2026-06,latest
tata-mutual-fund,TNPBETF,,147614,Tata Nifty Private Bank Exchange Traded Fund,TATA NIFTY PRIVATE BANK EXCHANGE TRADED FUND,seeded,shortcode,2026-06,latest
tata-mutual-fund,TNRIF,,152570,Tata Nifty Realty Index Fund,TATA NIFTY REALTY INDEX FUND,seeded,shortcode,2026-06,latest
tata-mutual-fund,TNSIFDEC27,,150326,Tata Nifty SDL Plus AAA PSU Bond Dec 6040 Index Fund,TATA NIFTY SDL PLUS AAA PSU BOND DEC 2027 60 40 INDEX FUND,seeded,shortcode,2026-06,latest
tata-mutual-fund,TOF,,146980,Tata Overnight Fund,TATA OVERNIGHT FUND,seeded,shortcode,2026-06,latest
tata-mutual-fund,TREF,,135813,Tata Resources & Energy Fund,TATA RESOURCES & ENERGY FUND,seeded,shortcode,2026-06,latest
tata-mutual-fund,TRSFC,,119256,Tata Retirement Savings Fund - Conservative,TATA RETIREMENT SAVINGS FUND-CONSERVATIVE PLAN,seeded,shortcode,2026-06,latest
tata-mutual-fund,TRSFM,,119255,Tata Retirement Savings Fund - Moderate,TATA RETIREMENT SAVINGS FUND-MODERATE PLAN,seeded,shortcode,2026-06,latest
tata-mutual-fund,TRSFP,,119251,Tata Retirement Savings Fund - Progressive,TATA RETIREMENT SAVINGS FUND-PROGRESSIVE PLAN,seeded,shortcode,2026-06,latest
tata-mutual-fund,TSCAPF,,145206,Tata Small Cap Fund,TATA SMALL CAP FUND,seeded,shortcode,2026-06,latest
tata-mutual-fund,TSLVETF,,152285,Tata Silver Exchange Traded Fund,TATA SILVER EXCHANGE TRADED FUND,seeded,shortcode,2026-06,latest
tata-mutual-fund,TSLVFOF,,152293,Tata Silver ETF Fund of Fund,TATA SILVER ETF FUND OF FUND,seeded,shortcode,2026-06,latest
tata-mutual-fund,TSTBF,,119949,Tata Short Term Bond Fund,TATA SHORT TERM BOND FUND,seeded,shortcode,2026-06,latest
tata-mutual-fund,TTOFE,,119160,Tata Large Cap Fund,TATA LARGE CAP FUND,seeded,shortcode,2026-06,latest
tata-mutual-fund,TTSF96,,132756,Tata ELSS Fund,TATA ELSS FUND,seeded,shortcode,2026-06,latest
tata-mutual-fund,TUSTF,,146075,Tata Ultra Short Term Fund,TATA ULTRA SHORT TERM FUND,seeded,shortcode,2026-06,latest
tata-mutual-fund,TYCF,,119312,Tata Childrens Fund,TATA CHILDRENS FUND,seeded,shortcode,2026-06,latest
taurus-mutual-fund,TBF,,118870,Taurus Large Cap Fund,Taurus Large Cap Fund,seeded,shortcode,2026-06,latest
taurus-mutual-fund,TBFS,,118868,Taurus Banking & Financial Services Fund,Taurus Banking & Financial Services Fund,seeded,shortcode,2026-06,latest
taurus-mutual-fund,TBFS Performance,,118868,Taurus Banking & Financial Services Fund,Taurus Banking & Financial Services Fund - Regular Plan Growth Option,seeded,shortcode,latest,latest
taurus-mutual-fund,TDF,,118872,Taurus Mid Cap Fund,Taurus Mid Cap Fund,seeded,shortcode,2026-06,latest
taurus-mutual-fund,TEF,,118876,Taurus Ethical Fund,Taurus Ethical Fund,seeded,shortcode,2026-06,latest
taurus-mutual-fund,TISF,,118879,Taurus Infrastructure Fund,Taurus Infrastructure Fund,seeded,shortcode,2026-06,latest
taurus-mutual-fund,TNI,,118881,Taurus Nifty 50 Index Fund,Taurus Nifty 50 Index Fund,seeded,shortcode,2026-06,latest
taurus-mutual-fund,TSS,,118883,Taurus Flexi Cap Fund,Taurus Flexi Cap Fund,seeded,shortcode,2026-06,latest
taurus-mutual-fund,TTS,,118866,Taurus ELSS Tax Saver Fund,Taurus Elss Tax Saver Fund,seeded,shortcode,2026-06,latest
the-wealth-company-mutual-fund,WCAR,,153891,THE WEALTH COMPANY ARBITRAGE FUND,THE WEALTH COMPANY ARBITRAGE FUND,seeded,shortcode,latest,latest
the-wealth-company-mutual-fund,WCBA,,154185,The Wealth Company Balanced Advantage Fund,THE WEALTH COMPANY BALANCED ADVT FUND,seeded,shortcode,latest,latest
the-wealth-company-mutual-fund,WCET,,153895,THE WEALTH COMPANY ETHICAL FUND,THE WEALTH COMPANY ETHICAL FUND,seeded,shortcode,latest,latest
the-wealth-company-mutual-fund,WCFL,,153872,THE WEALTH COMPANY FLEXI CAP FUND,THE WEALTH COMPANY FLEXI CAP FUND,seeded,shortcode,latest,latest
the-wealth-company-mutual-fund,WCGE,,154092,The Wealth Company Gold ETF,THE WEALTH COMPANY GOLD ETF,seeded,shortcode,latest,latest
the-wealth-company-mutual-fund,WCGF,,154131,THE WEALTH COMPANY GOLD ETF FOF,THE WEALTH COMPANY GOLD ETF FOF,seeded,shortcode,latest,latest
the-wealth-company-mutual-fund,WCLM,,154381,The Wealth Company Large & Mid Cap Fund,The Wealth Company Large & Mid Cap Fund,seeded,shortcode,latest,latest
the-wealth-company-mutual-fund,WCLQ,,153883,THE WEALTH COMPANY LIQUID FUND,THE WEALTH COMPANY LIQUID FUND,seeded,shortcode,2026-06,latest
the-wealth-company-mutual-fund,WCMA,,153999,The Wealth Company Multi Asset Allocation Fund,THE WEALTH COMPANY MULTIASSET ALLOC FUND,seeded,shortcode,latest,latest
the-wealth-company-mutual-fund,WCSC,,154269,The Wealth Company Small Cap Fund,THE WEALTH COMPANY SMALL CAP FUND,seeded,shortcode,latest,latest
trust-mutual-fund,TMFARB,,153804,TRUSTMF ARBITRAGE FUND,TRUSTMF Arbitrage Fund,seeded,shortcode,2026-06,latest
trust-mutual-fund,TMFCB,,151320,TRUSTMF CORPORATE BOND FUND,TRUSTMF Corporate Bond Fund,seeded,shortcode,2026-06,latest
trust-mutual-fund,TMFFLEXI,,152584,TRUSTMF Flexi Cap Fund,TRUSTMF Flexi Cap Fund,seeded,shortcode,2026-06,latest
trust-mutual-fund,TMFLIQ,,148841,TRUSTMF Liquid Fund,TRUSTMF Liquid Fund,seeded,shortcode,2026-06,latest
trust-mutual-fund,TMFLRMCF,,154433,TRUSTMF LARGE & MIDCAP FUND,TRUSTMF Large & Mid Cap Fund,seeded,shortcode,latest,latest
trust-mutual-fund,TMFMCAP,,153644,TRUSTMF MULTI CAP FUND,TRUSTMF Multi Cap Fund,seeded,shortcode,2026-06,latest
trust-mutual-fund,TMFMID,,154210,TRUSTMF MID CAP FUND,TRUSTMF Mid Cap Fund,seeded,shortcode,2026-06,latest
trust-mutual-fund,TMFMM,,150513,TRUSTMF MONEY MARKET FUND,TRUSTMF Money Market Fund,seeded,shortcode,2026-06,latest
trust-mutual-fund,TMFOF,,149797,TRUST MF OVERNIGHT FUND,TRUSTMF Overnight Fund,seeded,shortcode,2026-06,latest
trust-mutual-fund,TMFSCAP,,152939,TRUSTMF SMALL CAP FUND,TRUSTMF Small Cap Fund,seeded,shortcode,2026-06,latest
trust-mutual-fund,TMFST,,149076,TRUSTMF Short Duration Fund,TRUSTMF Short Duration Fund,seeded,shortcode,2026-06,latest
unifi-mutual-fund,Unifi Dynamic Asset Allocation,,153376,Unifi Dynamic Asset Allocation Fund,Unifi Dynamic Asset Allocation Fund,seeded,shortcode,latest,latest
unifi-mutual-fund,Unifi Flexi Cap Fund,,153543,Unifi Flexi Cap Fund,Unifi Flexi Cap Fund,seeded,shortcode,latest,latest
unifi-mutual-fund,Unifi Liquid Fund,,153570,Unifi Liquid Fund,Unifi Liquid Fund,seeded,shortcode,latest,latest
union-mutual-fund,Active Momentum,,153109,Union Active Momentum Fund,UNION ACTIVE MOMENTUM FUND,seeded,shortcode,latest,latest
union-mutual-fund,Aggressive Hybrid,,148592,Union Aggressive Hybrid Fund,UNION AGGRESSIVE HYBRID FUND,seeded,shortcode,latest,latest
union-mutual-fund,Arbitrage Fund,,146297,Union Arbitrage Fund,UNION ARBITRAGE FUND,seeded,shortcode,latest,latest
union-mutual-fund,Balanced Advantage,,142038,Union Balanced Advantage Fund,UNION BALANCED ADVANTAGE FUND,seeded,shortcode,latest,latest
union-mutual-fund,Business Cycle,,152409,Union Business Cycle Fund,UNION BUSINESS CYCLE FUND,seeded,shortcode,latest,latest
union-mutual-fund,Childrens Fund,,152219,Union Children's Fund,UNION CHILDREN'S FUND,seeded,shortcode,latest,latest
union-mutual-fund,Consumption Fund,,154020,Union Consumption Fund,UNION CONSUMPTION FUND^^,seeded,shortcode,latest,latest
union-mutual-fund,Corporate Bond,,143241,Union Corporate Bond Fund,UNION CORPORATE BOND FUND,seeded,shortcode,latest,latest
union-mutual-fund,DEF,,153824,Union Diversified Equity All Cap Active FOF,UNION DIVERSIFIED EQUITY ALL CAP ACTIVE FOF,seeded,shortcode,2026-06,latest
union-mutual-fund,Dynamic Bond Fund,Dynamic Term Fund|UNION DYNAMIC TERM FUND|UNION DYNAMIC TERM FUND (FORMERLY UNION DYNAMIC BOND FUND),119311,Union Dynamic Bond Fund,UNION DYNAMIC BOND FUND,seeded,shortcode,latest,2026-08
union-mutual-fund,ELSS Tax Saver,,119307,Union ELSS Tax Saver Fund,UNION ELSS TAX SAVER FUND,seeded,shortcode,latest,latest
union-mutual-fund,Equity Savings,,144312,Union Equity Savings Fund,UNION EQUITY SAVINGS FUND,seeded,shortcode,latest,latest
union-mutual-fund,FOD,,153575,Union Income Plus Arbitrage Active FOF,UNION INCOME PLUS ARBITRAGE ACTIVE FOF,seeded,shortcode,2026-06,latest
union-mutual-fund,Flexi Cap Fund,,119292,Union Flexi Cap Fund,UNION FLEXI CAP FUND,seeded,shortcode,latest,latest
union-mutual-fund,Focused Fund,,147492,Union Focused Fund,UNION FOCUSED FUND,seeded,shortcode,latest,latest
union-mutual-fund,Gold ETF,,153337,Union Gold ETF,UNION GOLD ETF,seeded,shortcode,latest,latest
union-mutual-fund,Gold FOF,,153340,Union Gold ETF Fund of Fund,UNION GOLD ETF FUND OF FUND,seeded,shortcode,latest,latest
union-mutual-fund,Innovation & Opportunities,,151905,Union Innovation & Opportunities Fund,UNION INNOVATION & OPPORTUNITIES FUND,seeded,shortcode,latest,latest
union-mutual-fund,LARGECAP,,141248,Union Largecap Fund,UNION LARGECAP FUND,seeded,shortcode,2026-06,latest
union-mutual-fund,Large & Midcap,,147750,Union Large & Midcap Fund,UNION LARGE & MIDCAP FUND,seeded,shortcode,latest,latest
union-mutual-fund,Liquid Scheme,,119303,Union Liquid Fund,UNION LIQUID FUND,seeded,shortcode,latest,latest
union-mutual-fund,Low Duration,Ultra Short to Short Term|UNION ULTRA SHORT TO SHORT TERM FUND|UNION ULTRA SHORT TO SHORT TERM FUND (FORMERLY UNION LOW DURATION FUND),153654,Union Low Duration Fund,UNION LOW DURATION FUND,seeded,shortcode,latest,2026-08
union-mutual-fund,MIDCAP,,148073,Union Midcap Fund,UNION MIDCAP FUND,seeded,shortcode,2026-06,latest
union-mutual-fund,Money Market,,149117,Union Money Market Fund,UNION MONEY MARKET FUND,seeded,shortcode,2026-07,2026-07
union-mutual-fund,Multi Asset Allocation,,152787,Union Multi Asset Allocation Fund,UNION MULTI ASSET ALLOCATION FUND,seeded,shortcode,latest,latest
union-mutual-fund,Multicap Fund,,150858,Union Multicap Fund,UNION MULTICAP FUND,seeded,shortcode,latest,latest
union-mutual-fund,Overnight Fund,,147003,Union Overnight Fund,UNION OVERNIGHT FUND^^,seeded,shortcode,latest,latest
union-mutual-fund,Short Duration,Short Term|UNION SHORT TERM FUND|UNION SHORT TERM FUND (FORMERLY UNION SHORT DURATION FUND),153242,Union Short Duration Fund,UNION SHORT DURATION FUND,seeded,shortcode,latest,2026-08
union-mutual-fund,Small Cap,,129649,Union Small Cap Fund,UNION SMALL CAP FUND,seeded,shortcode,latest,latest
union-mutual-fund,Union Gilt Fund,,150407,Union Gilt Fund,UNION GILT FUND,seeded,shortcode,latest,latest
union-mutual-fund,Union Retirement Fund,,150554,Union Retirement Fund,UNION RETIREMENT FUND,seeded,shortcode,latest,latest
union-mutual-fund,Value Fund,,145473,Union Value Fund,UNION VALUE FUND,seeded,shortcode,latest,latest
uti-mutual-fund,002,,120784,UTI - Unit Linked Insurance,Unit Linked Insurance Plan,seeded,shortcode,2026-06,latest
uti-mutual-fund,017,,120656,UTI Large Cap Fund,Large Cap Fund,seeded,shortcode,2026-06,latest
uti-mutual-fund,042,,120662,UTI - Flexi Cap Fund,Flexi Cap Fund.,seeded,shortcode,2026-06,latest
uti-mutual-fund,049,,120665,UTI Large & Mid Cap Fund,UTI Large & Mid Cap Fund,seeded,shortcode,2026-06,latest
uti-mutual-fund,055,,120771,UTI Children's Hybrid Fund,UTI Children's Hybrid Fund,seeded,shortcode,2026-06,latest
uti-mutual-fund,064,,120766,UTI Retirement Fund,UTI Retirement Fund,seeded,shortcode,2026-06,latest
uti-mutual-fund,066,,120674,UTI Aggressive Hybrid Fund,UTI Aggressive Hybrid Fund,seeded,shortcode,2026-06,latest
uti-mutual-fund,078,,120299,UTI MMF,Money Market Fund,seeded,shortcode,2026-06,latest
uti-mutual-fund,101,,120682,UTI - MNC Fund,MNC Fund,seeded,shortcode,2026-06,latest
uti-mutual-fund,103,,120689,UTI Medium to Long Duration Fund,UTI Medium to Long Duration Fund,seeded,shortcode,2026-06,latest
uti-mutual-fund,118,,120782,UTI Healthcare Fund,Healthcare Fund,seeded,shortcode,2026-06,latest
uti-mutual-fund,125,,120715,UTI ELSS Tax Saver Fund,UTI ELSS Tax Saver Fund,seeded,shortcode,2026-06,latest
uti-mutual-fund,128,,120716,UTI Nifty 50 Index Fund,UTI Nifty 50 Index Fund,seeded,shortcode,2026-06,latest
uti-mutual-fund,151,,101834,UTI - Master Equity Unit Scheme,Master Equity Plan Unit Scheme,seeded,shortcode,2026-06,latest
uti-mutual-fund,153,,120304,UTI Liquid Fund,Liquid Fund,seeded,shortcode,2026-06,latest
uti-mutual-fund,154,,120718,UTI Short Duration Fund,UTI Short Duration Fund,seeded,shortcode,2026-06,latest
uti-mutual-fund,156,,120785,UTI - Overnight Fund,Overnight Fund,seeded,shortcode,2026-06,latest
uti-mutual-fund,157,,120724,UTI Children's Equity Fund,UTI Children's Equity Fund,seeded,shortcode,2026-06,latest
uti-mutual-fund,160,,120726,UTI Mid Cap Fund,Mid Cap Fund,seeded,shortcode,2026-06,latest
uti-mutual-fund,161,,120728,UTI Infrastructure Fund,Infrastructure Fund,seeded,shortcode,2026-06,latest
uti-mutual-fund,162,,120731,UTI - Transportation and Logistics Fund,Transportation and Logistics Fund,seeded,shortcode,2026-06,latest
uti-mutual-fund,163,,120733,UTI Banking and Financial Services Fund,Banking and Financial Services Fund,seeded,shortcode,2026-06,latest
uti-mutual-fund,165,,120735,UTI Low Duration Fund,UTI Low Duration Fund,seeded,shortcode,2026-06,latest
uti-mutual-fund,171,,120792,UTI - GILT FUND,Gilt Fund,seeded,shortcode,2026-06,latest
uti-mutual-fund,176,,120746,UTI Ultra Short Duration Fund,UTI Ultra Short Duration Fund,seeded,shortcode,2026-06,latest
uti-mutual-fund,177,,120779,UTI Conservative Hybrid Fund,UTI Conservative Hybrid Fund,seeded,shortcode,2026-06,latest
uti-mutual-fund,190,,120749,UTI - Dividend Yield Fund.,Dividend Yield Fund,seeded,shortcode,2026-06,latest
uti-mutual-fund,193,,120751,UTI Value Fund,UTI Value Fund,seeded,shortcode,2026-06,latest
uti-mutual-fund,209,,120795,UTI Arbitrage Fund,Arbitrage Fund,seeded,shortcode,2026-06,latest
uti-mutual-fund,233,,105463,UTI GOLD Exchange Traded Fund,Gold Exchange Traded Fund,seeded,shortcode,2026-06,latest
uti-mutual-fund,247,,106183,UTI Interval Fund - I,UTI Quarterly Interval Fund - I,seeded,shortcode,2026-06,latest
uti-mutual-fund,251,,120780,UTI India Consumer Fund,India Consumer Fund,seeded,shortcode,2026-06,latest
uti-mutual-fund,253,,106183,UTI Interval Fund - I,UTI Annual Interval Fund - I,seeded,shortcode,2026-06,latest
uti-mutual-fund,262,,106183,UTI Interval Fund - I,UTI Annual Interval Fund - II,seeded,shortcode,2026-06,latest
uti-mutual-fund,307,,106183,UTI Interval Fund - I,UTI Quarterly Interval Fund - II,seeded,shortcode,2026-06,latest
uti-mutual-fund,322,,120760,UTI Multi Asset Allocation Fund,UTI Multi Asset Allocation Fund,seeded,shortcode,2026-06,latest
uti-mutual-fund,340,,120762,UTI Dynamic Bond Fund,Dynamic Bond Fund.,seeded,shortcode,2026-06,latest
uti-mutual-fund,399,,148242,UTI - Credit Risk Fund (Segregated - 06032020,Credit Risk Fund.,seeded,shortcode,2026-06,latest
uti-mutual-fund,446,,126940,UTI Banking & PSU Fund,UTI Banking & PSU Fund,seeded,shortcode,2026-06,latest
uti-mutual-fund,540,,134503,UTI Medium Duration Fund,UTI Medium Duration Fund,seeded,shortcode,2026-06,latest
uti-mutual-fund,561,,135320,UTI Nifty 50 ETF,UTI Nifty 50 ETF,seeded,shortcode,2026-06,latest
uti-mutual-fund,562,,135321,UTI BSE Sensex ETF,UTI S&P BSE Sensex ETF,seeded,shortcode,2026-06,latest
uti-mutual-fund,656,,141665,UTI Nifty Next 50 Exchange Traded Fund,Nifty Next 50 Exchange Traded Fund.,seeded,shortcode,2026-06,latest
uti-mutual-fund,691,,143341,UTI Nifty Next 50 Index Fund,Nifty Next 50 Index Fund,seeded,shortcode,2026-06,latest
uti-mutual-fund,703,,144339,UTI Corporate Bond Fund,Corporate Bond Fund,seeded,shortcode,2026-06,latest
uti-mutual-fund,704,,144490,UTI Equity Savings Fund,Equity Savings Fund,seeded,shortcode,2026-06,latest
uti-mutual-fund,713,,145295,UTI - Floater Fund,Floater Fund,seeded,shortcode,2026-06,latest
uti-mutual-fund,728,,146388,UTI - BSE Sensex Next 50 Exchange Traded Fund,S&P BSE Sensex Next 50 Exchange Traded Fund,seeded,shortcode,2026-06,latest
uti-mutual-fund,745,,148173,UTI Nifty Bank ETF,UTI Nifty Bank ETF,seeded,shortcode,2026-06,latest
uti-mutual-fund,751,,148618,UTI Small Cap Fund,UTI Small Cap Fund,seeded,shortcode,2026-06,latest
uti-mutual-fund,752,,148703,UTI Nifty 200 Momentum 30 Index Fund,UTI Nifty 200 Momentum 30 Index Fund,seeded,shortcode,2026-06,latest
uti-mutual-fund,753,,149091,UTI Focused Fund,UTI Focused Fund,seeded,shortcode,2026-06,latest
uti-mutual-fund,754,,149803,UTI BSE Sensex Index Fund,UTI S&P BSE Sensex Index Fund,seeded,shortcode,2026-06,latest
uti-mutual-fund,755,,149881,UTI BSE Low Volatility Index Fund,UTI S&P BSE Low Volatility Index Fund,seeded,shortcode,2026-06,latest
uti-mutual-fund,756,,150313,UTI Nifty Midcap 150 Quality 50 Index Fund,UTI Nifty Midcap 150 Quality 50 Index Fund,seeded,shortcode,2026-06,latest
uti-mutual-fund,757,,150410,UTI Gilt Fund with 10 year Constant Duration,UTI Gilt Fund with 10 year Constant Duration,seeded,shortcode,2026-06,latest
uti-mutual-fund,758,,150714,UTI Gold ETF Fund of Fund,UTI Gold ETF Fund of Fund,seeded,shortcode,2026-06,latest
uti-mutual-fund,759,,151485,UTI Fixed Term Income Fund Series XXXVI - I (1574 Days,UTI Fixed Term Income Fund - Series XXXV-I (1260Days),seeded,shortcode,2026-06,latest
uti-mutual-fund,760,,151485,UTI Fixed Term Income Fund Series XXXVI - I (1574 Days,UTI Fixed Term Income Fund - Series XXXV-II (1223 Days),seeded,shortcode,2026-06,latest
uti-mutual-fund,761,,151185,UTI CRISIL SDL Maturity April 2033 Index Fund,UTI CRISIL SDL Maturity April 2033 Index Fund,seeded,shortcode,2026-06,latest
uti-mutual-fund,762,,151239,UTI CRISIL SDL Maturity June 2027 Index Fund,UTI CRISIL SDL Maturity June 2027 Index Fund,seeded,shortcode,2026-06,latest
uti-mutual-fund,763,,151485,UTI Fixed Term Income Fund Series XXXVI - I (1574 Days,UTI Fixed Term Income Fund - Series XXXV-III (1176 days),seeded,shortcode,2026-06,latest
uti-mutual-fund,765,,151485,UTI Fixed Term Income Fund Series XXXVI - I (1574 Days,UTI Fixed Term Income Fund Series XXXVI - I (1574 Days),seeded,shortcode,2026-06,latest
uti-mutual-fund,766,,151487,UTI NIFTY SDL Plus AAA PSU Bond Apr 2028 - 75:25 Index Fund,UTI NIFTY SDL Plus AAA PSU Bond Apr 2028- 75:25 Index Fund,seeded,shortcode,2026-06,latest
uti-mutual-fund,767,,151523,UTI Long Duration Fund,UTI Long Duration Fund,seeded,shortcode,2026-06,latest
uti-mutual-fund,768,,151730,UTI Silver Exchange Traded Fund,UTI Silver Exchange Traded Fund,seeded,shortcode,2026-06,latest
uti-mutual-fund,769,,151731,UTI Silver ETF Fund of Fund,UTI Silver ETF Fund of Fund,seeded,shortcode,2026-06,latest
uti-mutual-fund,770,,151739,UTI Nifty 500 Value 50 Index Fund,UTI Nifty 500 Value 50 Index Fund,seeded,shortcode,2026-06,latest
uti-mutual-fund,771,,151762,UTI Nifty50 Equal Weight Index Fund,UTI Nifty50 Equal Weight Index Fund,seeded,shortcode,2026-06,latest
uti-mutual-fund,772,,151764,UTI BSE Housing Index Fund,UTI S&P BSE Housing Index Fund,seeded,shortcode,2026-06,latest
uti-mutual-fund,773,,151885,UTI Balanced Advantage Fund,UTI Balanced Advantage Fund,seeded,shortcode,2026-06,latest
uti-mutual-fund,774,,152050,UTI Nifty Midcap 150 Exchange Traded Fund,UTI Nifty Midcap 150 Exchange Traded Fund,seeded,shortcode,2026-06,latest
uti-mutual-fund,775,,152087,UTI Innovation Fund,UTI Innovation Fund,seeded,shortcode,2026-06,latest
uti-mutual-fund,776,,152355,UTI Nifty IT ETF,UTI Nifty IT ETF,seeded,shortcode,2026-06,latest
uti-mutual-fund,777,,152368,UTI Nifty 5 yr Benchmark G - Sec ETF,UTI Nifty 5 yr Benchmark G-Sec ETF,seeded,shortcode,2026-06,latest
uti-mutual-fund,778,,152369,UTI Nifty 10 yr Benchmark G - Sec ETF,UTI Nifty 10 yr Benchmark G-Sec ETF,seeded,shortcode,2026-06,latest
uti-mutual-fund,779,,152859,UTI Nifty 200 Quality 30 Index Fund,UTI Nifty 200 Quality 30 Index Fund,seeded,shortcode,2026-06,latest
uti-mutual-fund,780,,152864,UTI Nifty Private Bank Index Fund,UTI Nifty Private Bank Index Fund,seeded,shortcode,2026-06,latest
uti-mutual-fund,781,,153086,UTI Nifty Alpha Low - Volatility 30 Index Fund,UTI Nifty Alpha Low-Volatility 30 Index Fund,seeded,shortcode,2026-06,latest
uti-mutual-fund,782,,153089,UTI Nifty Midcap 150 Index Fund,UTI Nifty Midcap 150 Index Fund,seeded,shortcode,2026-06,latest
uti-mutual-fund,783,,153204,UTI Quant Fund,UTI Quant Fund,seeded,shortcode,2026-06,latest
uti-mutual-fund,784,,153272,UTI Nifty Midsmallcap 400 Momentum Quality 100 Index Fund,UTI Nifty Midsmallcap 400 Momentum Quality 100 Index Fund,seeded,shortcode,2026-06,latest
uti-mutual-fund,785,,153270,UTI Nifty India Manufacturing Index Fund,UTI Nifty India Manufacturing Index Fund,seeded,shortcode,2026-06,latest
uti-mutual-fund,786,,153442,UTI Income Plus Arbitrage Active Fund of Fund,UTI Income Plus Arbitrage Active Fund of Fund,seeded,shortcode,2026-06,latest
uti-mutual-fund,787,,153515,UTI Multi Cap Fund,UTI Multi Cap Fund,seeded,shortcode,2026-06,latest
uti-mutual-fund,788,,154197,UTI Nifty500 Shariah Index Fund,UTI Nifty500 Shariah Index Fund,seeded,shortcode,2026-06,latest
uti-mutual-fund,SHEET0,,120656,UTI Large Cap Fund,SCHEME: UTI - Large Cap Fund,seeded,shortcode,latest,latest
uti-mutual-fund,SHEET2,,120749,UTI - Dividend Yield Fund.,Dividend,seeded,shortcode,2026-06,latest
uti-mutual-fund,UTI - Credit Risk Fund.,UTI - Credit Risk Fund,117981,UTI - Credit Risk Fund.,UTI - Credit Risk Fund.,manual,fortnightly_label,2026-07-15,2026-07-15
uti-mutual-fund,UTI - Medium Term Fund ( Segregated - 06032020),,148246,UTI - Medium Term Fund ( Segregated - 06032020,UTI - Medium Term Fund ( Segregated - 06032020),manual,fortnightly_label,2026-07-15,2026-07-15
uti-mutual-fund,UTI - Money Market Fund,,100723,UTI - Money Market Fund,UTI - Money Market Fund,manual,fortnightly_label,2026-07-15,2026-07-15
uti-mutual-fund,exposure,,120784,UTI - Unit Linked Insurance,SCHEME: UTI - Unit Linked Insurance Plan,seeded,shortcode,latest,latest
whiteoak-capital-mutual-fund,WOAHF,,154392,WhiteOak Capital Aggressive Hybrid Fund,WhiteOak Capital Aggressive Hybrid Fund,seeded,shortcode,2026-06,latest
whiteoak-capital-mutual-fund,WOARB,,152849,WhiteOak Capital Arbitrage Fund,WhiteOak Capital Arbitrage Fund,seeded,shortcode,2026-06,latest
whiteoak-capital-mutual-fund,WOBAF,,151267,WhiteOak Capital Balanced Advantage Fund,WhiteOak Capital Balanced Advantage Fund,seeded,shortcode,2026-06,latest
whiteoak-capital-mutual-fund,WOBFS,,152321,WhiteOak Capital Banking & Financial Services Fund,WhiteOak Capital Banking & Financial Services Fund,seeded,shortcode,2026-06,latest
whiteoak-capital-mutual-fund,WOBHY,,152132,WhiteOak Capital Balanced Hybrid Fund,WhiteOak Capital Balanced Hybrid Fund,seeded,shortcode,2026-06,latest
whiteoak-capital-mutual-fund,WOBIC,,152962,WhiteOak Capital ESG Best - In,WhiteOak Capital ESG Best-In-Class Strategy Fund,seeded,shortcode,2026-06,latest
whiteoak-capital-mutual-fund,WOCNF,,154161,WhiteOak Capital Consumption Opportunities Fund,WhiteOak Capital Consumption Opportunities Fund,seeded,shortcode,2026-06,latest
whiteoak-capital-mutual-fund,WODIG,,152915,WhiteOak Capital Digital Bharat Fund,WhiteOak Capital Digital Bharat Fund,seeded,shortcode,2026-06,latest
whiteoak-capital-mutual-fund,WOESF,,153355,WhiteOak Capital Equity Savings Fund,WhiteOak Capital Equity Savings Fund,seeded,shortcode,2026-06,latest
whiteoak-capital-mutual-fund,WOLCF,,150797,WhiteOak Capital Large Cap Fund,WhiteOak Capital Large Cap Fund,seeded,shortcode,2026-06,latest
whiteoak-capital-mutual-fund,WOLMC,,152226,Whiteoak Capital Large & Mid Cap Fund,WhiteOak Capital Large & Mid Cap Fund,seeded,shortcode,2026-06,latest
whiteoak-capital-mutual-fund,WOMAF,,151745,WhiteOak Capital Multi Asset Allocation Fund,WhiteOak Capital Multi Asset Allocation Fund,seeded,shortcode,2026-06,latest
whiteoak-capital-mutual-fund,WOMID,,150584,WhiteOak Capital Mid Cap Fund,WhiteOak Capital Mid Cap Fund,seeded,shortcode,2026-06,latest
whiteoak-capital-mutual-fund,WOMLT,,152071,WhiteOak Capital Multi Cap Fund,WhiteOak Capital Multi Cap Fund,seeded,shortcode,2026-06,latest
whiteoak-capital-mutual-fund,WOPHC,,152349,WhiteOak Capital Pharma and Heathcare Fund,WhiteOak Capital Pharma and Healthcare Fund,seeded,shortcode,2026-06,latest
whiteoak-capital-mutual-fund,WOQEF,,153189,WhiteOak Capital Quality Equity Fund,WhiteOak Capital Quality Equity Fund,seeded,shortcode,2026-06,latest
whiteoak-capital-mutual-fund,WOSOP,,152644,WhiteOak Capital Special Opportunities Fund,WhiteOak Capital Special Opportunities Fund,seeded,shortcode,2026-06,latest
whiteoak-capital-mutual-fund,WOTSF,,150587,WhiteOak Capital ELSS Tax Saver Fund,WhiteOak Capital ELSS Tax Saver Fund,seeded,shortcode,2026-06,latest
whiteoak-capital-mutual-fund,YM001,,145971,WhiteOak Capital Liquid Fund,WhiteOak Capital Liquid Fund,seeded,shortcode,2026-06,latest
whiteoak-capital-mutual-fund,YM002,,147311,WhiteOak Capital Ultra Short Duration Fund,WhiteOak Capital Ultra Short Duration Fund,seeded,shortcode,2026-06,latest
whiteoak-capital-mutual-fund,YM004,,150346,WhiteOak Capital Flexi Cap Fund,WhiteOak Capital Flexi Cap Fund,seeded,shortcode,2026-06,latest
zerodha-mutual-fund,ZBSEN,,153932,Zerodha BSE SENSEX Index Fund,ZERODHA BSE SENSEX INDEX FUND,seeded,shortcode,2026-06,latest
zerodha-mutual-fund,ZE100,,152667,Zerodha Nifty 100 ETF,ZERODHA NIFTY 100 ETF,seeded,shortcode,2026-06,latest
zerodha-mutual-fund,ZE150,,152668,Zerodha Nifty Midcap 150 ETF,ZERODHA NIFTY MIDCAP 150 ETF,seeded,shortcode,2026-06,latest
zerodha-mutual-fund,ZELSS,,152157,Zerodha ELSS Tax Saver Nifty LargeMidcap 250 Index Fund,ZERODHA ELSS TAX SAVER NIFTY LARGE MIDCAP 250 INDEX FUND,seeded,shortcode,2026-06,latest
zerodha-mutual-fund,ZEN50,,153905,Zerodha Nifty 50 ETF,ZERODHA NIFTY 50 ETF,seeded,shortcode,2026-06,latest
zerodha-mutual-fund,ZESML,,153837,Zerodha Nifty Smallcap 100 ETF,ZERODHA NIFTY SMALLCAP 100 ETF,seeded,shortcode,2026-06,latest
zerodha-mutual-fund,ZGFOF,,153011,Zerodha Gold ETF FoF,ZERODHA GOLD ETF FoF,seeded,shortcode,2026-06,latest
zerodha-mutual-fund,ZGOLD,,152476,Zerodha Gold ETF,ZERODHA GOLD ETF,seeded,shortcode,2026-06,latest
zerodha-mutual-fund,ZLC36,,154436,Zerodha Life Cycle Fund 2036,Zerodha Life Cycle Fund 2036,seeded,shortcode,2026-07,2026-07
zerodha-mutual-fund,ZLC41,,154437,Zerodha Life Cycle Fund 2041,Zerodha Life Cycle Fund 2041,seeded,shortcode,2026-07,2026-07
zerodha-mutual-fund,ZLIQD,,152327,Zerodha Nifty 1D Rate Liquid ETF - Growth,ZERODHA NIFTY 1D RATE LIQUID ETF,seeded,shortcode,2026-06,latest
zerodha-mutual-fund,ZLTGC,,153811,Zerodha Nifty 8 - 13 Yr G - Sec ETF,ZERODHA NIFTY 8-13 Yr G-Sec ETF,seeded,shortcode,2026-06,latest
zerodha-mutual-fund,ZMIDS,,154306,Zerodha Nifty MidSmallcap400 50:50 Index Fund,Zerodha Nifty MidSmallcap400 50:50 Index Fund,seeded,shortcode,2026-06,latest
zerodha-mutual-fund,ZMLTI,,153757,Zerodha Multi Asset Passive FoF,ZERODHA MULTI ASSET PASSIVE FoF,seeded,shortcode,2026-06,latest
zerodha-mutual-fund,ZN250,,152156,Zerodha Nifty LargeMidcap 250 Index Fund,ZERODHA NIFTY LARGE MIDCAP 250 INDEX FUND,seeded,shortcode,2026-06,latest
zerodha-mutual-fund,ZNFTY,,153906,Zerodha Nifty 50 Index Fund,ZERODHA NIFTY 50 INDEX FUND,seeded,shortcode,2026-06,latest
zerodha-mutual-fund,ZNH73,,154321,Zerodha Nifty LargeMidcap250 Plus 8 - 13 Yr G - Sec 70:30 Index Fund,Zerodha Nifty LargeMidcap250 Plus 8-13 yr G-Sec 70:30 Index Fund,seeded,shortcode,2026-06,latest
zerodha-mutual-fund,ZNSDG,,154109,Zerodha Nifty Short Duration G - Sec Index Fund,ZERODHA NIFTY SHORT DURATION G-SEC INDEX FUND,seeded,shortcode,2026-06,latest
zerodha-mutual-fund,ZOVER,,153436,Zerodha Overnight Fund,ZERODHA OVERNIGHT FUND,seeded,shortcode,2026-06,latest
zerodha-mutual-fund,ZSFOF,,153656,Zerodha Silver ETF FoF,ZERODHA SILVER ETF FoF,seeded,shortcode,2026-06,latest
zerodha-mutual-fund,ZSLVR,,153413,Zerodha Silver ETF,ZERODHA SILVER ETF,seeded,shortcode,2026-06,latest
